Analysis & Synthesis report for Genetico
Thu Aug 27 13:44:46 2026
Quartus Prime Version 20.1.1 Build 720 11/11/2020 SJ Lite Edition


---------------------
; Table of Contents ;
---------------------
  1. Legal Notice
  2. Analysis & Synthesis Summary
  3. Analysis & Synthesis Settings
  4. Parallel Compilation
  5. Analysis & Synthesis Source Files Read
  6. Analysis & Synthesis Resource Usage Summary
  7. Analysis & Synthesis Resource Utilization by Entity
  8. Analysis & Synthesis RAM Summary
  9. Analysis & Synthesis DSP Block Usage Summary
 10. State Machine - |ga_top_wrapper|ga_engine_top:u_ga_core|state
 11. State Machine - |ga_top_wrapper|ga_engine_top:u_ga_core|point_seg_dist:u_psd|state
 12. Registers Removed During Synthesis
 13. Removed Registers Triggering Further Register Optimizations
 14. General Register Statistics
 15. Inverted Register Statistics
 16. Registers Added for RAM Pass-Through Logic
 17. Registers Packed Into Inferred Megafunctions
 18. Multiplexer Restructuring Statistics (Restructuring Performed)
 19. Source assignments for ga_engine_top:u_ga_core|altsyncram:fitness_rtl_0|altsyncram_5io1:auto_generated
 20. Source assignments for ga_engine_top:u_ga_core|trajectory_bank:u_traj|trajectory_rom:rom_z3|altsyncram:mem_rtl_0|altsyncram_r2e1:auto_generated
 21. Source assignments for ga_engine_top:u_ga_core|trajectory_bank:u_traj|trajectory_rom:rom_y3|altsyncram:mem_rtl_0|altsyncram_h2e1:auto_generated
 22. Source assignments for ga_engine_top:u_ga_core|trajectory_bank:u_traj|trajectory_rom:rom_x3|altsyncram:mem_rtl_0|altsyncram_61e1:auto_generated
 23. Source assignments for ga_engine_top:u_ga_core|trajectory_bank:u_traj|trajectory_rom:rom_z2|altsyncram:mem_rtl_0|altsyncram_p2e1:auto_generated
 24. Source assignments for ga_engine_top:u_ga_core|trajectory_bank:u_traj|trajectory_rom:rom_y2|altsyncram:mem_rtl_0|altsyncram_a3e1:auto_generated
 25. Source assignments for ga_engine_top:u_ga_core|trajectory_bank:u_traj|trajectory_rom:rom_x2|altsyncram:mem_rtl_0|altsyncram_d1e1:auto_generated
 26. Source assignments for ga_engine_top:u_ga_core|trajectory_bank:u_traj|trajectory_rom:rom_z1|altsyncram:mem_rtl_0|altsyncram_rvd1:auto_generated
 27. Source assignments for ga_engine_top:u_ga_core|trajectory_bank:u_traj|trajectory_rom:rom_y1|altsyncram:mem_rtl_0|altsyncram_vvd1:auto_generated
 28. Source assignments for ga_engine_top:u_ga_core|trajectory_bank:u_traj|trajectory_rom:rom_x1|altsyncram:mem_rtl_0|altsyncram_80e1:auto_generated
 29. Source assignments for ga_engine_top:u_ga_core|trajectory_bank:u_traj|trajectory_rom:rom_z0|altsyncram:mem_rtl_0|altsyncram_g1e1:auto_generated
 30. Source assignments for ga_engine_top:u_ga_core|trajectory_bank:u_traj|trajectory_rom:rom_y0|altsyncram:mem_rtl_0|altsyncram_b1e1:auto_generated
 31. Source assignments for ga_engine_top:u_ga_core|trajectory_bank:u_traj|trajectory_rom:rom_x0|altsyncram:mem_rtl_0|altsyncram_j1e1:auto_generated
 32. Parameter Settings for User Entity Instance: Top-level Entity: |ga_top_wrapper
 33. Parameter Settings for User Entity Instance: ga_engine_top:u_ga_core
 34. Parameter Settings for User Entity Instance: ga_engine_top:u_ga_core|trajectory_bank:u_traj
 35. Parameter Settings for User Entity Instance: ga_engine_top:u_ga_core|trajectory_bank:u_traj|trajectory_rom:rom_x0
 36. Parameter Settings for User Entity Instance: ga_engine_top:u_ga_core|trajectory_bank:u_traj|trajectory_rom:rom_y0
 37. Parameter Settings for User Entity Instance: ga_engine_top:u_ga_core|trajectory_bank:u_traj|trajectory_rom:rom_z0
 38. Parameter Settings for User Entity Instance: ga_engine_top:u_ga_core|trajectory_bank:u_traj|trajectory_rom:rom_x1
 39. Parameter Settings for User Entity Instance: ga_engine_top:u_ga_core|trajectory_bank:u_traj|trajectory_rom:rom_y1
 40. Parameter Settings for User Entity Instance: ga_engine_top:u_ga_core|trajectory_bank:u_traj|trajectory_rom:rom_z1
 41. Parameter Settings for User Entity Instance: ga_engine_top:u_ga_core|trajectory_bank:u_traj|trajectory_rom:rom_x2
 42. Parameter Settings for User Entity Instance: ga_engine_top:u_ga_core|trajectory_bank:u_traj|trajectory_rom:rom_y2
 43. Parameter Settings for User Entity Instance: ga_engine_top:u_ga_core|trajectory_bank:u_traj|trajectory_rom:rom_z2
 44. Parameter Settings for User Entity Instance: ga_engine_top:u_ga_core|trajectory_bank:u_traj|trajectory_rom:rom_x3
 45. Parameter Settings for User Entity Instance: ga_engine_top:u_ga_core|trajectory_bank:u_traj|trajectory_rom:rom_y3
 46. Parameter Settings for User Entity Instance: ga_engine_top:u_ga_core|trajectory_bank:u_traj|trajectory_rom:rom_z3
 47. Parameter Settings for User Entity Instance: ga_engine_top:u_ga_core|point_seg_dist:u_psd|div_seq:u_div
 48. Parameter Settings for Inferred Entity Instance: ga_engine_top:u_ga_core|altsyncram:fitness_rtl_0
 49. Parameter Settings for Inferred Entity Instance: ga_engine_top:u_ga_core|trajectory_bank:u_traj|trajectory_rom:rom_z3|altsyncram:mem_rtl_0
 50. Parameter Settings for Inferred Entity Instance: ga_engine_top:u_ga_core|trajectory_bank:u_traj|trajectory_rom:rom_y3|altsyncram:mem_rtl_0
 51. Parameter Settings for Inferred Entity Instance: ga_engine_top:u_ga_core|trajectory_bank:u_traj|trajectory_rom:rom_x3|altsyncram:mem_rtl_0
 52. Parameter Settings for Inferred Entity Instance: ga_engine_top:u_ga_core|trajectory_bank:u_traj|trajectory_rom:rom_z2|altsyncram:mem_rtl_0
 53. Parameter Settings for Inferred Entity Instance: ga_engine_top:u_ga_core|trajectory_bank:u_traj|trajectory_rom:rom_y2|altsyncram:mem_rtl_0
 54. Parameter Settings for Inferred Entity Instance: ga_engine_top:u_ga_core|trajectory_bank:u_traj|trajectory_rom:rom_x2|altsyncram:mem_rtl_0
 55. Parameter Settings for Inferred Entity Instance: ga_engine_top:u_ga_core|trajectory_bank:u_traj|trajectory_rom:rom_z1|altsyncram:mem_rtl_0
 56. Parameter Settings for Inferred Entity Instance: ga_engine_top:u_ga_core|trajectory_bank:u_traj|trajectory_rom:rom_y1|altsyncram:mem_rtl_0
 57. Parameter Settings for Inferred Entity Instance: ga_engine_top:u_ga_core|trajectory_bank:u_traj|trajectory_rom:rom_x1|altsyncram:mem_rtl_0
 58. Parameter Settings for Inferred Entity Instance: ga_engine_top:u_ga_core|trajectory_bank:u_traj|trajectory_rom:rom_z0|altsyncram:mem_rtl_0
 59. Parameter Settings for Inferred Entity Instance: ga_engine_top:u_ga_core|trajectory_bank:u_traj|trajectory_rom:rom_y0|altsyncram:mem_rtl_0
 60. Parameter Settings for Inferred Entity Instance: ga_engine_top:u_ga_core|trajectory_bank:u_traj|trajectory_rom:rom_x0|altsyncram:mem_rtl_0
 61. Parameter Settings for Inferred Entity Instance: ga_engine_top:u_ga_core|lpm_divide:Div0
 62. altsyncram Parameter Settings by Entity Instance
 63. Port Connectivity Checks: "ga_engine_top:u_ga_core|point_seg_dist:u_psd|div_seq:u_div"
 64. Port Connectivity Checks: "ga_engine_top:u_ga_core|point_seg_dist:u_psd"
 65. Port Connectivity Checks: "ga_engine_top:u_ga_core"
 66. Post-Synthesis Netlist Statistics for Top Partition
 67. Elapsed Time Per Partition
 68. Analysis & Synthesis Messages
 69. Analysis & Synthesis Suppressed Messages



----------------
; Legal Notice ;
----------------
Copyright (C) 2020  Intel Corporation. All rights reserved.
Your use of Intel Corporation's design tools, logic functions 
and other software and tools, and any partner logic 
functions, and any output files from any of the foregoing 
(including device programming or simulation files), and any 
associated documentation or information are expressly subject 
to the terms and conditions of the Intel Program License 
Subscription Agreement, the Intel Quartus Prime License Agreement,
the Intel FPGA IP License Agreement, or other applicable license
agreement, including, without limitation, that your use is for
the sole purpose of programming logic devices manufactured by
Intel and sold by Intel or its authorized distributors.  Please
refer to the applicable agreement for further details, at
https://fpgasoftware.intel.com/eula.



+-------------------------------------------------------------------------------+
; Analysis & Synthesis Summary                                                  ;
+---------------------------------+---------------------------------------------+
; Analysis & Synthesis Status     ; Successful - Thu Aug 27 13:44:45 2026       ;
; Quartus Prime Version           ; 20.1.1 Build 720 11/11/2020 SJ Lite Edition ;
; Revision Name                   ; Genetico                                    ;
; Top-level Entity Name           ; ga_top_wrapper                              ;
; Family                          ; Cyclone V                                   ;
; Logic utilization (in ALMs)     ; N/A                                         ;
; Total registers                 ; 18873                                       ;
; Total pins                      ; 90                                          ;
; Total virtual pins              ; 0                                           ;
; Total block memory bits         ; 58,624                                      ;
; Total DSP Blocks                ; 11                                          ;
; Total HSSI RX PCSs              ; 0                                           ;
; Total HSSI PMA RX Deserializers ; 0                                           ;
; Total HSSI TX PCSs              ; 0                                           ;
; Total HSSI PMA TX Serializers   ; 0                                           ;
; Total PLLs                      ; 0                                           ;
; Total DLLs                      ; 0                                           ;
+---------------------------------+---------------------------------------------+


+---------------------------------------------------------------------------------------------------------------------------+
; Analysis & Synthesis Settings                                                                                             ;
+---------------------------------------------------------------------------------+--------------------+--------------------+
; Option                                                                          ; Setting            ; Default Value      ;
+---------------------------------------------------------------------------------+--------------------+--------------------+
; Device                                                                          ; 5CSEMA5F31C6       ;                    ;
; Top-level entity name                                                           ; ga_top_wrapper     ; Genetico           ;
; Family name                                                                     ; Cyclone V          ; Cyclone V          ;
; Use smart compilation                                                           ; Off                ; Off                ;
; Enable parallel Assembler and Timing Analyzer during compilation                ; On                 ; On                 ;
; Enable compact report table                                                     ; Off                ; Off                ;
; Restructure Multiplexers                                                        ; Auto               ; Auto               ;
; MLAB Add Timing Constraints For Mixed-Port Feed-Through Mode Setting Don't Care ; Off                ; Off                ;
; Create Debugging Nodes for IP Cores                                             ; Off                ; Off                ;
; Preserve fewer node names                                                       ; On                 ; On                 ;
; Intel FPGA IP Evaluation Mode                                                   ; Enable             ; Enable             ;
; Verilog Version                                                                 ; Verilog_2001       ; Verilog_2001       ;
; VHDL Version                                                                    ; VHDL_1993          ; VHDL_1993          ;
; State Machine Processing                                                        ; Auto               ; Auto               ;
; Safe State Machine                                                              ; Off                ; Off                ;
; Extract Verilog State Machines                                                  ; On                 ; On                 ;
; Extract VHDL State Machines                                                     ; On                 ; On                 ;
; Ignore Verilog initial constructs                                               ; Off                ; Off                ;
; Iteration limit for constant Verilog loops                                      ; 5000               ; 5000               ;
; Iteration limit for non-constant Verilog loops                                  ; 250                ; 250                ;
; Add Pass-Through Logic to Inferred RAMs                                         ; On                 ; On                 ;
; Infer RAMs from Raw Logic                                                       ; On                 ; On                 ;
; Parallel Synthesis                                                              ; On                 ; On                 ;
; DSP Block Balancing                                                             ; Auto               ; Auto               ;
; NOT Gate Push-Back                                                              ; On                 ; On                 ;
; Power-Up Don't Care                                                             ; On                 ; On                 ;
; Remove Redundant Logic Cells                                                    ; Off                ; Off                ;
; Remove Duplicate Registers                                                      ; On                 ; On                 ;
; Ignore CARRY Buffers                                                            ; Off                ; Off                ;
; Ignore CASCADE Buffers                                                          ; Off                ; Off                ;
; Ignore GLOBAL Buffers                                                           ; Off                ; Off                ;
; Ignore ROW GLOBAL Buffers                                                       ; Off                ; Off                ;
; Ignore LCELL Buffers                                                            ; Off                ; Off                ;
; Ignore SOFT Buffers                                                             ; On                 ; On                 ;
; Limit AHDL Integers to 32 Bits                                                  ; Off                ; Off                ;
; Optimization Technique                                                          ; Balanced           ; Balanced           ;
; Carry Chain Length                                                              ; 70                 ; 70                 ;
; Auto Carry Chains                                                               ; On                 ; On                 ;
; Auto Open-Drain Pins                                                            ; On                 ; On                 ;
; Perform WYSIWYG Primitive Resynthesis                                           ; Off                ; Off                ;
; Auto ROM Replacement                                                            ; On                 ; On                 ;
; Auto RAM Replacement                                                            ; On                 ; On                 ;
; Auto DSP Block Replacement                                                      ; On                 ; On                 ;
; Auto Shift Register Replacement                                                 ; Auto               ; Auto               ;
; Allow Shift Register Merging across Hierarchies                                 ; Auto               ; Auto               ;
; Auto Clock Enable Replacement                                                   ; On                 ; On                 ;
; Strict RAM Replacement                                                          ; Off                ; Off                ;
; Allow Synchronous Control Signals                                               ; On                 ; On                 ;
; Force Use of Synchronous Clear Signals                                          ; Off                ; Off                ;
; Auto Resource Sharing                                                           ; Off                ; Off                ;
; Allow Any RAM Size For Recognition                                              ; Off                ; Off                ;
; Allow Any ROM Size For Recognition                                              ; Off                ; Off                ;
; Allow Any Shift Register Size For Recognition                                   ; Off                ; Off                ;
; Use LogicLock Constraints during Resource Balancing                             ; On                 ; On                 ;
; Ignore translate_off and synthesis_off directives                               ; Off                ; Off                ;
; Timing-Driven Synthesis                                                         ; On                 ; On                 ;
; Report Parameter Settings                                                       ; On                 ; On                 ;
; Report Source Assignments                                                       ; On                 ; On                 ;
; Report Connectivity Checks                                                      ; On                 ; On                 ;
; Ignore Maximum Fan-Out Assignments                                              ; Off                ; Off                ;
; Synchronization Register Chain Length                                           ; 3                  ; 3                  ;
; Power Optimization During Synthesis                                             ; Normal compilation ; Normal compilation ;
; HDL message level                                                               ; Level2             ; Level2             ;
; Suppress Register Optimization Related Messages                                 ; Off                ; Off                ;
; Number of Removed Registers Reported in Synthesis Report                        ; 5000               ; 5000               ;
; Number of Swept Nodes Reported in Synthesis Report                              ; 5000               ; 5000               ;
; Number of Inverted Registers Reported in Synthesis Report                       ; 100                ; 100                ;
; Clock MUX Protection                                                            ; On                 ; On                 ;
; Auto Gated Clock Conversion                                                     ; Off                ; Off                ;
; Block Design Naming                                                             ; Auto               ; Auto               ;
; SDC constraint protection                                                       ; Off                ; Off                ;
; Synthesis Effort                                                                ; Auto               ; Auto               ;
; Shift Register Replacement - Allow Asynchronous Clear Signal                    ; On                 ; On                 ;
; Pre-Mapping Resynthesis Optimization                                            ; Off                ; Off                ;
; Analysis & Synthesis Message Level                                              ; Medium             ; Medium             ;
; Disable Register Merging Across Hierarchies                                     ; Auto               ; Auto               ;
; Resource Aware Inference For Block RAM                                          ; On                 ; On                 ;
; Automatic Parallel Synthesis                                                    ; On                 ; On                 ;
; Partial Reconfiguration Bitstream ID                                            ; Off                ; Off                ;
+---------------------------------------------------------------------------------+--------------------+--------------------+


+------------------------------------------+
; Parallel Compilation                     ;
+----------------------------+-------------+
; Processors                 ; Number      ;
+----------------------------+-------------+
; Number detected on machine ; 8           ;
; Maximum allowed            ; 8           ;
;                            ;             ;
; Average used               ; 1.01        ;
; Maximum used               ; 8           ;
;                            ;             ;
; Usage by Processor         ; % Time Used ;
;     Processor 1            ; 100.0%      ;
;     Processor 2            ;   0.2%      ;
;     Processor 3            ;   0.2%      ;
;     Processor 4            ;   0.2%      ;
;     Processor 5            ;   0.2%      ;
;     Processor 6            ;   0.1%      ;
;     Processor 7            ;   0.1%      ;
;     Processor 8            ;   0.1%      ;
+----------------------------+-------------+


+-------------------------------------------------------------------------------------------------------------------------------------------------------------------------------------------------------------------------------------------+
; Analysis & Synthesis Source Files Read                                                                                                                                                                                                    ;
+--------------------------------------------------+-----------------+-------------------------------------------------------+----------------------------------------------------------------------------------------------------+---------+
; File Name with User-Entered Path                 ; Used in Netlist ; File Type                                             ; File Name with Absolute Path                                                                       ; Library ;
+--------------------------------------------------+-----------------+-------------------------------------------------------+----------------------------------------------------------------------------------------------------+---------+
; char_7seg.v                                      ; yes             ; User Verilog HDL File                                 ; D:/Documentos/robot contro/microprocesador/FPGA 2/char_7seg.v                                      ;         ;
; trajectory_rom.v                                 ; yes             ; User Verilog HDL File                                 ; D:/Documentos/robot contro/microprocesador/FPGA 2/trajectory_rom.v                                 ;         ;
; trajectory_bank.v                                ; yes             ; User Verilog HDL File                                 ; D:/Documentos/robot contro/microprocesador/FPGA 2/trajectory_bank.v                                ;         ;
; point_seg_dist.v                                 ; yes             ; User Verilog HDL File                                 ; D:/Documentos/robot contro/microprocesador/FPGA 2/point_seg_dist.v                                 ;         ;
; isqrt32.v                                        ; yes             ; User Verilog HDL File                                 ; D:/Documentos/robot contro/microprocesador/FPGA 2/isqrt32.v                                        ;         ;
; ga_top_wrapper.v                                 ; yes             ; User Verilog HDL File                                 ; D:/Documentos/robot contro/microprocesador/FPGA 2/ga_top_wrapper.v                                 ;         ;
; ga_engine_top.v                                  ; yes             ; User Verilog HDL File                                 ; D:/Documentos/robot contro/microprocesador/FPGA 2/ga_engine_top.v                                  ;         ;
; div_seq.v                                        ; yes             ; User Verilog HDL File                                 ; D:/Documentos/robot contro/microprocesador/FPGA 2/div_seq.v                                        ;         ;
; altsyncram.tdf                                   ; yes             ; Megafunction                                          ; c:/intelfpga_lite/20.1/quartus/libraries/megafunctions/altsyncram.tdf                              ;         ;
; stratix_ram_block.inc                            ; yes             ; Megafunction                                          ; c:/intelfpga_lite/20.1/quartus/libraries/megafunctions/stratix_ram_block.inc                       ;         ;
; lpm_mux.inc                                      ; yes             ; Megafunction                                          ; c:/intelfpga_lite/20.1/quartus/libraries/megafunctions/lpm_mux.inc                                 ;         ;
; lpm_decode.inc                                   ; yes             ; Megafunction                                          ; c:/intelfpga_lite/20.1/quartus/libraries/megafunctions/lpm_decode.inc                              ;         ;
; aglobal201.inc                                   ; yes             ; Megafunction                                          ; c:/intelfpga_lite/20.1/quartus/libraries/megafunctions/aglobal201.inc                              ;         ;
; a_rdenreg.inc                                    ; yes             ; Megafunction                                          ; c:/intelfpga_lite/20.1/quartus/libraries/megafunctions/a_rdenreg.inc                               ;         ;
; altrom.inc                                       ; yes             ; Megafunction                                          ; c:/intelfpga_lite/20.1/quartus/libraries/megafunctions/altrom.inc                                  ;         ;
; altram.inc                                       ; yes             ; Megafunction                                          ; c:/intelfpga_lite/20.1/quartus/libraries/megafunctions/altram.inc                                  ;         ;
; altdpram.inc                                     ; yes             ; Megafunction                                          ; c:/intelfpga_lite/20.1/quartus/libraries/megafunctions/altdpram.inc                                ;         ;
; db/altsyncram_5io1.tdf                           ; yes             ; Auto-Generated Megafunction                           ; D:/Documentos/robot contro/microprocesador/FPGA 2/db/altsyncram_5io1.tdf                           ;         ;
; db/altsyncram_r2e1.tdf                           ; yes             ; Auto-Generated Megafunction                           ; D:/Documentos/robot contro/microprocesador/FPGA 2/db/altsyncram_r2e1.tdf                           ;         ;
; db/genetico.ram0_trajectory_rom_f55b80ba.hdl.mif ; yes             ; Auto-Generated Auto-Found Memory Initialization File  ; D:/Documentos/robot contro/microprocesador/FPGA 2/db/genetico.ram0_trajectory_rom_f55b80ba.hdl.mif ;         ;
; db/altsyncram_h2e1.tdf                           ; yes             ; Auto-Generated Megafunction                           ; D:/Documentos/robot contro/microprocesador/FPGA 2/db/altsyncram_h2e1.tdf                           ;         ;
; db/genetico.ram0_trajectory_rom_55a32aaa.hdl.mif ; yes             ; Auto-Generated Auto-Found Memory Initialization File  ; D:/Documentos/robot contro/microprocesador/FPGA 2/db/genetico.ram0_trajectory_rom_55a32aaa.hdl.mif ;         ;
; db/altsyncram_61e1.tdf                           ; yes             ; Auto-Generated Megafunction                           ; D:/Documentos/robot contro/microprocesador/FPGA 2/db/altsyncram_61e1.tdf                           ;         ;
; db/genetico.ram0_trajectory_rom_520b8a0f.hdl.mif ; yes             ; Auto-Generated Auto-Found Memory Initialization File  ; D:/Documentos/robot contro/microprocesador/FPGA 2/db/genetico.ram0_trajectory_rom_520b8a0f.hdl.mif ;         ;
; db/altsyncram_p2e1.tdf                           ; yes             ; Auto-Generated Megafunction                           ; D:/Documentos/robot contro/microprocesador/FPGA 2/db/altsyncram_p2e1.tdf                           ;         ;
; db/genetico.ram0_trajectory_rom_abc656a3.hdl.mif ; yes             ; Auto-Generated Auto-Found Memory Initialization File  ; D:/Documentos/robot contro/microprocesador/FPGA 2/db/genetico.ram0_trajectory_rom_abc656a3.hdl.mif ;         ;
; db/altsyncram_a3e1.tdf                           ; yes             ; Auto-Generated Megafunction                           ; D:/Documentos/robot contro/microprocesador/FPGA 2/db/altsyncram_a3e1.tdf                           ;         ;
; db/genetico.ram0_trajectory_rom_719e5ffe.hdl.mif ; yes             ; Auto-Generated Auto-Found Memory Initialization File  ; D:/Documentos/robot contro/microprocesador/FPGA 2/db/genetico.ram0_trajectory_rom_719e5ffe.hdl.mif ;         ;
; db/altsyncram_d1e1.tdf                           ; yes             ; Auto-Generated Megafunction                           ; D:/Documentos/robot contro/microprocesador/FPGA 2/db/altsyncram_d1e1.tdf                           ;         ;
; db/genetico.ram0_trajectory_rom_d2ba2938.hdl.mif ; yes             ; Auto-Generated Auto-Found Memory Initialization File  ; D:/Documentos/robot contro/microprocesador/FPGA 2/db/genetico.ram0_trajectory_rom_d2ba2938.hdl.mif ;         ;
; db/altsyncram_rvd1.tdf                           ; yes             ; Auto-Generated Megafunction                           ; D:/Documentos/robot contro/microprocesador/FPGA 2/db/altsyncram_rvd1.tdf                           ;         ;
; db/genetico.ram0_trajectory_rom_2cc30693.hdl.mif ; yes             ; Auto-Generated Auto-Found Memory Initialization File  ; D:/Documentos/robot contro/microprocesador/FPGA 2/db/genetico.ram0_trajectory_rom_2cc30693.hdl.mif ;         ;
; db/altsyncram_vvd1.tdf                           ; yes             ; Auto-Generated Megafunction                           ; D:/Documentos/robot contro/microprocesador/FPGA 2/db/altsyncram_vvd1.tdf                           ;         ;
; db/genetico.ram0_trajectory_rom_c64d4822.hdl.mif ; yes             ; Auto-Generated Auto-Found Memory Initialization File  ; D:/Documentos/robot contro/microprocesador/FPGA 2/db/genetico.ram0_trajectory_rom_c64d4822.hdl.mif ;         ;
; db/altsyncram_80e1.tdf                           ; yes             ; Auto-Generated Megafunction                           ; D:/Documentos/robot contro/microprocesador/FPGA 2/db/altsyncram_80e1.tdf                           ;         ;
; db/genetico.ram0_trajectory_rom_d8f05766.hdl.mif ; yes             ; Auto-Generated Auto-Found Memory Initialization File  ; D:/Documentos/robot contro/microprocesador/FPGA 2/db/genetico.ram0_trajectory_rom_d8f05766.hdl.mif ;         ;
; db/altsyncram_g1e1.tdf                           ; yes             ; Auto-Generated Megafunction                           ; D:/Documentos/robot contro/microprocesador/FPGA 2/db/altsyncram_g1e1.tdf                           ;         ;
; db/genetico.ram0_trajectory_rom_4a1d977a.hdl.mif ; yes             ; Auto-Generated Auto-Found Memory Initialization File  ; D:/Documentos/robot contro/microprocesador/FPGA 2/db/genetico.ram0_trajectory_rom_4a1d977a.hdl.mif ;         ;
; db/altsyncram_b1e1.tdf                           ; yes             ; Auto-Generated Megafunction                           ; D:/Documentos/robot contro/microprocesador/FPGA 2/db/altsyncram_b1e1.tdf                           ;         ;
; db/genetico.ram0_trajectory_rom_bc71d453.hdl.mif ; yes             ; Auto-Generated Auto-Found Memory Initialization File  ; D:/Documentos/robot contro/microprocesador/FPGA 2/db/genetico.ram0_trajectory_rom_bc71d453.hdl.mif ;         ;
; db/altsyncram_j1e1.tdf                           ; yes             ; Auto-Generated Megafunction                           ; D:/Documentos/robot contro/microprocesador/FPGA 2/db/altsyncram_j1e1.tdf                           ;         ;
; db/genetico.ram0_trajectory_rom_4fe67a62.hdl.mif ; yes             ; Auto-Generated Auto-Found Memory Initialization File  ; D:/Documentos/robot contro/microprocesador/FPGA 2/db/genetico.ram0_trajectory_rom_4fe67a62.hdl.mif ;         ;
; lpm_divide.tdf                                   ; yes             ; Megafunction                                          ; c:/intelfpga_lite/20.1/quartus/libraries/megafunctions/lpm_divide.tdf                              ;         ;
; abs_divider.inc                                  ; yes             ; Megafunction                                          ; c:/intelfpga_lite/20.1/quartus/libraries/megafunctions/abs_divider.inc                             ;         ;
; sign_div_unsign.inc                              ; yes             ; Megafunction                                          ; c:/intelfpga_lite/20.1/quartus/libraries/megafunctions/sign_div_unsign.inc                         ;         ;
; db/lpm_divide_sbm.tdf                            ; yes             ; Auto-Generated Megafunction                           ; D:/Documentos/robot contro/microprocesador/FPGA 2/db/lpm_divide_sbm.tdf                            ;         ;
; db/sign_div_unsign_2mh.tdf                       ; yes             ; Auto-Generated Megafunction                           ; D:/Documentos/robot contro/microprocesador/FPGA 2/db/sign_div_unsign_2mh.tdf                       ;         ;
; db/alt_u_div_a0f.tdf                             ; yes             ; Auto-Generated Megafunction                           ; D:/Documentos/robot contro/microprocesador/FPGA 2/db/alt_u_div_a0f.tdf                             ;         ;
+--------------------------------------------------+-----------------+-------------------------------------------------------+----------------------------------------------------------------------------------------------------+---------+


+--------------------------------------------------------------+
; Analysis & Synthesis Resource Usage Summary                  ;
+---------------------------------------------+----------------+
; Resource                                    ; Usage          ;
+---------------------------------------------+----------------+
; Estimate of Logic utilization (ALMs needed) ; 15892          ;
;                                             ;                ;
; Combinational ALUT usage for logic          ; 15794          ;
;     -- 7 input functions                    ; 234            ;
;     -- 6 input functions                    ; 11362          ;
;     -- 5 input functions                    ; 403            ;
;     -- 4 input functions                    ; 1448           ;
;     -- <=3 input functions                  ; 2347           ;
;                                             ;                ;
; Dedicated logic registers                   ; 18873          ;
;                                             ;                ;
; I/O pins                                    ; 90             ;
; Total MLAB memory bits                      ; 0              ;
; Total block memory bits                     ; 58624          ;
;                                             ;                ;
; Total DSP Blocks                            ; 11             ;
;                                             ;                ;
; Maximum fan-out node                        ; CLOCK_50~input ;
; Maximum fan-out                             ; 19097          ;
; Total fan-out                               ; 145838         ;
; Average fan-out                             ; 4.16           ;
+---------------------------------------------+----------------+


+------------------------------------------------------------------------------------------------------------------------------------------------------------------------------------------------------------------------------------------------------------------------------------------------------------------------------------------+
; Analysis & Synthesis Resource Utilization by Entity                                                                                                                                                                                                                                                                                      ;
+-------------------------------------------------+---------------------+---------------------------+-------------------+------------+------+--------------+------------------------------------------------------------------------------------------------------------------------------------------+---------------------+--------------+
; Compilation Hierarchy Node                      ; Combinational ALUTs ; Dedicated Logic Registers ; Block Memory Bits ; DSP Blocks ; Pins ; Virtual Pins ; Full Hierarchy Name                                                                                                                      ; Entity Name         ; Library Name ;
+-------------------------------------------------+---------------------+---------------------------+-------------------+------------+------+--------------+------------------------------------------------------------------------------------------------------------------------------------------+---------------------+--------------+
; |ga_top_wrapper                                 ; 15794 (1)           ; 18873 (0)                 ; 58624             ; 11         ; 90   ; 0            ; |ga_top_wrapper                                                                                                                          ; ga_top_wrapper      ; work         ;
;    |char_7seg:u_hex0|                           ; 7 (7)               ; 0 (0)                     ; 0                 ; 0          ; 0    ; 0            ; |ga_top_wrapper|char_7seg:u_hex0                                                                                                         ; char_7seg           ; work         ;
;    |char_7seg:u_hex1|                           ; 7 (7)               ; 0 (0)                     ; 0                 ; 0          ; 0    ; 0            ; |ga_top_wrapper|char_7seg:u_hex1                                                                                                         ; char_7seg           ; work         ;
;    |char_7seg:u_hex2|                           ; 7 (7)               ; 0 (0)                     ; 0                 ; 0          ; 0    ; 0            ; |ga_top_wrapper|char_7seg:u_hex2                                                                                                         ; char_7seg           ; work         ;
;    |char_7seg:u_hex3|                           ; 7 (7)               ; 0 (0)                     ; 0                 ; 0          ; 0    ; 0            ; |ga_top_wrapper|char_7seg:u_hex3                                                                                                         ; char_7seg           ; work         ;
;    |char_7seg:u_hex4|                           ; 2 (2)               ; 0 (0)                     ; 0                 ; 0          ; 0    ; 0            ; |ga_top_wrapper|char_7seg:u_hex4                                                                                                         ; char_7seg           ; work         ;
;    |ga_engine_top:u_ga_core|                    ; 15763 (13883)       ; 18873 (18127)             ; 58624             ; 11         ; 0    ; 0            ; |ga_top_wrapper|ga_engine_top:u_ga_core                                                                                                  ; ga_engine_top       ; work         ;
;       |altsyncram:fitness_rtl_0|                ; 0 (0)               ; 0 (0)                     ; 1024              ; 0          ; 0    ; 0            ; |ga_top_wrapper|ga_engine_top:u_ga_core|altsyncram:fitness_rtl_0                                                                         ; altsyncram          ; work         ;
;          |altsyncram_5io1:auto_generated|       ; 0 (0)               ; 0 (0)                     ; 1024              ; 0          ; 0    ; 0            ; |ga_top_wrapper|ga_engine_top:u_ga_core|altsyncram:fitness_rtl_0|altsyncram_5io1:auto_generated                                          ; altsyncram_5io1     ; work         ;
;       |isqrt32:u_sqrt|                          ; 65 (65)             ; 115 (115)                 ; 0                 ; 0          ; 0    ; 0            ; |ga_top_wrapper|ga_engine_top:u_ga_core|isqrt32:u_sqrt                                                                                   ; isqrt32             ; work         ;
;       |lpm_divide:Div0|                         ; 1324 (0)            ; 0 (0)                     ; 0                 ; 0          ; 0    ; 0            ; |ga_top_wrapper|ga_engine_top:u_ga_core|lpm_divide:Div0                                                                                  ; lpm_divide          ; work         ;
;          |lpm_divide_sbm:auto_generated|        ; 1324 (0)            ; 0 (0)                     ; 0                 ; 0          ; 0    ; 0            ; |ga_top_wrapper|ga_engine_top:u_ga_core|lpm_divide:Div0|lpm_divide_sbm:auto_generated                                                    ; lpm_divide_sbm      ; work         ;
;             |sign_div_unsign_2mh:divider|       ; 1324 (0)            ; 0 (0)                     ; 0                 ; 0          ; 0    ; 0            ; |ga_top_wrapper|ga_engine_top:u_ga_core|lpm_divide:Div0|lpm_divide_sbm:auto_generated|sign_div_unsign_2mh:divider                        ; sign_div_unsign_2mh ; work         ;
;                |alt_u_div_a0f:divider|          ; 1324 (1324)         ; 0 (0)                     ; 0                 ; 0          ; 0    ; 0            ; |ga_top_wrapper|ga_engine_top:u_ga_core|lpm_divide:Div0|lpm_divide_sbm:auto_generated|sign_div_unsign_2mh:divider|alt_u_div_a0f:divider  ; alt_u_div_a0f       ; work         ;
;       |point_seg_dist:u_psd|                    ; 443 (332)           ; 629 (444)                 ; 0                 ; 9          ; 0    ; 0            ; |ga_top_wrapper|ga_engine_top:u_ga_core|point_seg_dist:u_psd                                                                             ; point_seg_dist      ; work         ;
;          |div_seq:u_div|                        ; 111 (111)           ; 185 (185)                 ; 0                 ; 0          ; 0    ; 0            ; |ga_top_wrapper|ga_engine_top:u_ga_core|point_seg_dist:u_psd|div_seq:u_div                                                               ; div_seq             ; work         ;
;       |trajectory_bank:u_traj|                  ; 48 (48)             ; 2 (2)                     ; 57600             ; 0          ; 0    ; 0            ; |ga_top_wrapper|ga_engine_top:u_ga_core|trajectory_bank:u_traj                                                                           ; trajectory_bank     ; work         ;
;          |trajectory_rom:rom_x0|                ; 0 (0)               ; 0 (0)                     ; 4800              ; 0          ; 0    ; 0            ; |ga_top_wrapper|ga_engine_top:u_ga_core|trajectory_bank:u_traj|trajectory_rom:rom_x0                                                     ; trajectory_rom      ; work         ;
;             |altsyncram:mem_rtl_0|              ; 0 (0)               ; 0 (0)                     ; 4800              ; 0          ; 0    ; 0            ; |ga_top_wrapper|ga_engine_top:u_ga_core|trajectory_bank:u_traj|trajectory_rom:rom_x0|altsyncram:mem_rtl_0                                ; altsyncram          ; work         ;
;                |altsyncram_j1e1:auto_generated| ; 0 (0)               ; 0 (0)                     ; 4800              ; 0          ; 0    ; 0            ; |ga_top_wrapper|ga_engine_top:u_ga_core|trajectory_bank:u_traj|trajectory_rom:rom_x0|altsyncram:mem_rtl_0|altsyncram_j1e1:auto_generated ; altsyncram_j1e1     ; work         ;
;          |trajectory_rom:rom_x1|                ; 0 (0)               ; 0 (0)                     ; 4800              ; 0          ; 0    ; 0            ; |ga_top_wrapper|ga_engine_top:u_ga_core|trajectory_bank:u_traj|trajectory_rom:rom_x1                                                     ; trajectory_rom      ; work         ;
;             |altsyncram:mem_rtl_0|              ; 0 (0)               ; 0 (0)                     ; 4800              ; 0          ; 0    ; 0            ; |ga_top_wrapper|ga_engine_top:u_ga_core|trajectory_bank:u_traj|trajectory_rom:rom_x1|altsyncram:mem_rtl_0                                ; altsyncram          ; work         ;
;                |altsyncram_80e1:auto_generated| ; 0 (0)               ; 0 (0)                     ; 4800              ; 0          ; 0    ; 0            ; |ga_top_wrapper|ga_engine_top:u_ga_core|trajectory_bank:u_traj|trajectory_rom:rom_x1|altsyncram:mem_rtl_0|altsyncram_80e1:auto_generated ; altsyncram_80e1     ; work         ;
;          |trajectory_rom:rom_x2|                ; 0 (0)               ; 0 (0)                     ; 4800              ; 0          ; 0    ; 0            ; |ga_top_wrapper|ga_engine_top:u_ga_core|trajectory_bank:u_traj|trajectory_rom:rom_x2                                                     ; trajectory_rom      ; work         ;
;             |altsyncram:mem_rtl_0|              ; 0 (0)               ; 0 (0)                     ; 4800              ; 0          ; 0    ; 0            ; |ga_top_wrapper|ga_engine_top:u_ga_core|trajectory_bank:u_traj|trajectory_rom:rom_x2|altsyncram:mem_rtl_0                                ; altsyncram          ; work         ;
;                |altsyncram_d1e1:auto_generated| ; 0 (0)               ; 0 (0)                     ; 4800              ; 0          ; 0    ; 0            ; |ga_top_wrapper|ga_engine_top:u_ga_core|trajectory_bank:u_traj|trajectory_rom:rom_x2|altsyncram:mem_rtl_0|altsyncram_d1e1:auto_generated ; altsyncram_d1e1     ; work         ;
;          |trajectory_rom:rom_x3|                ; 0 (0)               ; 0 (0)                     ; 4800              ; 0          ; 0    ; 0            ; |ga_top_wrapper|ga_engine_top:u_ga_core|trajectory_bank:u_traj|trajectory_rom:rom_x3                                                     ; trajectory_rom      ; work         ;
;             |altsyncram:mem_rtl_0|              ; 0 (0)               ; 0 (0)                     ; 4800              ; 0          ; 0    ; 0            ; |ga_top_wrapper|ga_engine_top:u_ga_core|trajectory_bank:u_traj|trajectory_rom:rom_x3|altsyncram:mem_rtl_0                                ; altsyncram          ; work         ;
;                |altsyncram_61e1:auto_generated| ; 0 (0)               ; 0 (0)                     ; 4800              ; 0          ; 0    ; 0            ; |ga_top_wrapper|ga_engine_top:u_ga_core|trajectory_bank:u_traj|trajectory_rom:rom_x3|altsyncram:mem_rtl_0|altsyncram_61e1:auto_generated ; altsyncram_61e1     ; work         ;
;          |trajectory_rom:rom_y0|                ; 0 (0)               ; 0 (0)                     ; 4800              ; 0          ; 0    ; 0            ; |ga_top_wrapper|ga_engine_top:u_ga_core|trajectory_bank:u_traj|trajectory_rom:rom_y0                                                     ; trajectory_rom      ; work         ;
;             |altsyncram:mem_rtl_0|              ; 0 (0)               ; 0 (0)                     ; 4800              ; 0          ; 0    ; 0            ; |ga_top_wrapper|ga_engine_top:u_ga_core|trajectory_bank:u_traj|trajectory_rom:rom_y0|altsyncram:mem_rtl_0                                ; altsyncram          ; work         ;
;                |altsyncram_b1e1:auto_generated| ; 0 (0)               ; 0 (0)                     ; 4800              ; 0          ; 0    ; 0            ; |ga_top_wrapper|ga_engine_top:u_ga_core|trajectory_bank:u_traj|trajectory_rom:rom_y0|altsyncram:mem_rtl_0|altsyncram_b1e1:auto_generated ; altsyncram_b1e1     ; work         ;
;          |trajectory_rom:rom_y1|                ; 0 (0)               ; 0 (0)                     ; 4800              ; 0          ; 0    ; 0            ; |ga_top_wrapper|ga_engine_top:u_ga_core|trajectory_bank:u_traj|trajectory_rom:rom_y1                                                     ; trajectory_rom      ; work         ;
;             |altsyncram:mem_rtl_0|              ; 0 (0)               ; 0 (0)                     ; 4800              ; 0          ; 0    ; 0            ; |ga_top_wrapper|ga_engine_top:u_ga_core|trajectory_bank:u_traj|trajectory_rom:rom_y1|altsyncram:mem_rtl_0                                ; altsyncram          ; work         ;
;                |altsyncram_vvd1:auto_generated| ; 0 (0)               ; 0 (0)                     ; 4800              ; 0          ; 0    ; 0            ; |ga_top_wrapper|ga_engine_top:u_ga_core|trajectory_bank:u_traj|trajectory_rom:rom_y1|altsyncram:mem_rtl_0|altsyncram_vvd1:auto_generated ; altsyncram_vvd1     ; work         ;
;          |trajectory_rom:rom_y2|                ; 0 (0)               ; 0 (0)                     ; 4800              ; 0          ; 0    ; 0            ; |ga_top_wrapper|ga_engine_top:u_ga_core|trajectory_bank:u_traj|trajectory_rom:rom_y2                                                     ; trajectory_rom      ; work         ;
;             |altsyncram:mem_rtl_0|              ; 0 (0)               ; 0 (0)                     ; 4800              ; 0          ; 0    ; 0            ; |ga_top_wrapper|ga_engine_top:u_ga_core|trajectory_bank:u_traj|trajectory_rom:rom_y2|altsyncram:mem_rtl_0                                ; altsyncram          ; work         ;
;                |altsyncram_a3e1:auto_generated| ; 0 (0)               ; 0 (0)                     ; 4800              ; 0          ; 0    ; 0            ; |ga_top_wrapper|ga_engine_top:u_ga_core|trajectory_bank:u_traj|trajectory_rom:rom_y2|altsyncram:mem_rtl_0|altsyncram_a3e1:auto_generated ; altsyncram_a3e1     ; work         ;
;          |trajectory_rom:rom_y3|                ; 0 (0)               ; 0 (0)                     ; 4800              ; 0          ; 0    ; 0            ; |ga_top_wrapper|ga_engine_top:u_ga_core|trajectory_bank:u_traj|trajectory_rom:rom_y3                                                     ; trajectory_rom      ; work         ;
;             |altsyncram:mem_rtl_0|              ; 0 (0)               ; 0 (0)                     ; 4800              ; 0          ; 0    ; 0            ; |ga_top_wrapper|ga_engine_top:u_ga_core|trajectory_bank:u_traj|trajectory_rom:rom_y3|altsyncram:mem_rtl_0                                ; altsyncram          ; work         ;
;                |altsyncram_h2e1:auto_generated| ; 0 (0)               ; 0 (0)                     ; 4800              ; 0          ; 0    ; 0            ; |ga_top_wrapper|ga_engine_top:u_ga_core|trajectory_bank:u_traj|trajectory_rom:rom_y3|altsyncram:mem_rtl_0|altsyncram_h2e1:auto_generated ; altsyncram_h2e1     ; work         ;
;          |trajectory_rom:rom_z0|                ; 0 (0)               ; 0 (0)                     ; 4800              ; 0          ; 0    ; 0            ; |ga_top_wrapper|ga_engine_top:u_ga_core|trajectory_bank:u_traj|trajectory_rom:rom_z0                                                     ; trajectory_rom      ; work         ;
;             |altsyncram:mem_rtl_0|              ; 0 (0)               ; 0 (0)                     ; 4800              ; 0          ; 0    ; 0            ; |ga_top_wrapper|ga_engine_top:u_ga_core|trajectory_bank:u_traj|trajectory_rom:rom_z0|altsyncram:mem_rtl_0                                ; altsyncram          ; work         ;
;                |altsyncram_g1e1:auto_generated| ; 0 (0)               ; 0 (0)                     ; 4800              ; 0          ; 0    ; 0            ; |ga_top_wrapper|ga_engine_top:u_ga_core|trajectory_bank:u_traj|trajectory_rom:rom_z0|altsyncram:mem_rtl_0|altsyncram_g1e1:auto_generated ; altsyncram_g1e1     ; work         ;
;          |trajectory_rom:rom_z1|                ; 0 (0)               ; 0 (0)                     ; 4800              ; 0          ; 0    ; 0            ; |ga_top_wrapper|ga_engine_top:u_ga_core|trajectory_bank:u_traj|trajectory_rom:rom_z1                                                     ; trajectory_rom      ; work         ;
;             |altsyncram:mem_rtl_0|              ; 0 (0)               ; 0 (0)                     ; 4800              ; 0          ; 0    ; 0            ; |ga_top_wrapper|ga_engine_top:u_ga_core|trajectory_bank:u_traj|trajectory_rom:rom_z1|altsyncram:mem_rtl_0                                ; altsyncram          ; work         ;
;                |altsyncram_rvd1:auto_generated| ; 0 (0)               ; 0 (0)                     ; 4800              ; 0          ; 0    ; 0            ; |ga_top_wrapper|ga_engine_top:u_ga_core|trajectory_bank:u_traj|trajectory_rom:rom_z1|altsyncram:mem_rtl_0|altsyncram_rvd1:auto_generated ; altsyncram_rvd1     ; work         ;
;          |trajectory_rom:rom_z2|                ; 0 (0)               ; 0 (0)                     ; 4800              ; 0          ; 0    ; 0            ; |ga_top_wrapper|ga_engine_top:u_ga_core|trajectory_bank:u_traj|trajectory_rom:rom_z2                                                     ; trajectory_rom      ; work         ;
;             |altsyncram:mem_rtl_0|              ; 0 (0)               ; 0 (0)                     ; 4800              ; 0          ; 0    ; 0            ; |ga_top_wrapper|ga_engine_top:u_ga_core|trajectory_bank:u_traj|trajectory_rom:rom_z2|altsyncram:mem_rtl_0                                ; altsyncram          ; work         ;
;                |altsyncram_p2e1:auto_generated| ; 0 (0)               ; 0 (0)                     ; 4800              ; 0          ; 0    ; 0            ; |ga_top_wrapper|ga_engine_top:u_ga_core|trajectory_bank:u_traj|trajectory_rom:rom_z2|altsyncram:mem_rtl_0|altsyncram_p2e1:auto_generated ; altsyncram_p2e1     ; work         ;
;          |trajectory_rom:rom_z3|                ; 0 (0)               ; 0 (0)                     ; 4800              ; 0          ; 0    ; 0            ; |ga_top_wrapper|ga_engine_top:u_ga_core|trajectory_bank:u_traj|trajectory_rom:rom_z3                                                     ; trajectory_rom      ; work         ;
;             |altsyncram:mem_rtl_0|              ; 0 (0)               ; 0 (0)                     ; 4800              ; 0          ; 0    ; 0            ; |ga_top_wrapper|ga_engine_top:u_ga_core|trajectory_bank:u_traj|trajectory_rom:rom_z3|altsyncram:mem_rtl_0                                ; altsyncram          ; work         ;
;                |altsyncram_r2e1:auto_generated| ; 0 (0)               ; 0 (0)                     ; 4800              ; 0          ; 0    ; 0            ; |ga_top_wrapper|ga_engine_top:u_ga_core|trajectory_bank:u_traj|trajectory_rom:rom_z3|altsyncram:mem_rtl_0|altsyncram_r2e1:auto_generated ; altsyncram_r2e1     ; work         ;
+-------------------------------------------------+---------------------+---------------------------+-------------------+------------+------+--------------+------------------------------------------------------------------------------------------------------------------------------------------+---------------------+--------------+
Note: For table entries with two numbers listed, the numbers in parentheses indicate the number of resources of the given type used by the specific entity alone. The numbers listed outside of parentheses indicate the total resources of the given type used by the specific entity and all of its sub-entities in the hierarchy.


+-------------------------------------------------------------------------------------------------------------------------------------------------------------------------------------------------------------------------------------------------------------------------------------+
; Analysis & Synthesis RAM Summary                                                                                                                                                                                                                                                    ;
+-------------------------------------------------------------------------------------------------------------------------------------+------+------------------+--------------+--------------+--------------+--------------+------+--------------------------------------------------+
; Name                                                                                                                                ; Type ; Mode             ; Port A Depth ; Port A Width ; Port B Depth ; Port B Width ; Size ; MIF                                              ;
+-------------------------------------------------------------------------------------------------------------------------------------+------+------------------+--------------+--------------+--------------+--------------+------+--------------------------------------------------+
; ga_engine_top:u_ga_core|altsyncram:fitness_rtl_0|altsyncram_5io1:auto_generated|ALTSYNCRAM                                          ; AUTO ; Simple Dual Port ; 32           ; 32           ; 32           ; 32           ; 1024 ; None                                             ;
; ga_engine_top:u_ga_core|trajectory_bank:u_traj|trajectory_rom:rom_x0|altsyncram:mem_rtl_0|altsyncram_j1e1:auto_generated|ALTSYNCRAM ; AUTO ; ROM              ; 300          ; 16           ; --           ; --           ; 4800 ; db/Genetico.ram0_trajectory_rom_4fe67a62.hdl.mif ;
; ga_engine_top:u_ga_core|trajectory_bank:u_traj|trajectory_rom:rom_x1|altsyncram:mem_rtl_0|altsyncram_80e1:auto_generated|ALTSYNCRAM ; AUTO ; ROM              ; 300          ; 16           ; --           ; --           ; 4800 ; db/Genetico.ram0_trajectory_rom_d8f05766.hdl.mif ;
; ga_engine_top:u_ga_core|trajectory_bank:u_traj|trajectory_rom:rom_x2|altsyncram:mem_rtl_0|altsyncram_d1e1:auto_generated|ALTSYNCRAM ; AUTO ; ROM              ; 300          ; 16           ; --           ; --           ; 4800 ; db/Genetico.ram0_trajectory_rom_d2ba2938.hdl.mif ;
; ga_engine_top:u_ga_core|trajectory_bank:u_traj|trajectory_rom:rom_x3|altsyncram:mem_rtl_0|altsyncram_61e1:auto_generated|ALTSYNCRAM ; AUTO ; ROM              ; 300          ; 16           ; --           ; --           ; 4800 ; db/Genetico.ram0_trajectory_rom_520b8a0f.hdl.mif ;
; ga_engine_top:u_ga_core|trajectory_bank:u_traj|trajectory_rom:rom_y0|altsyncram:mem_rtl_0|altsyncram_b1e1:auto_generated|ALTSYNCRAM ; AUTO ; ROM              ; 300          ; 16           ; --           ; --           ; 4800 ; db/Genetico.ram0_trajectory_rom_bc71d453.hdl.mif ;
; ga_engine_top:u_ga_core|trajectory_bank:u_traj|trajectory_rom:rom_y1|altsyncram:mem_rtl_0|altsyncram_vvd1:auto_generated|ALTSYNCRAM ; AUTO ; ROM              ; 300          ; 16           ; --           ; --           ; 4800 ; db/Genetico.ram0_trajectory_rom_c64d4822.hdl.mif ;
; ga_engine_top:u_ga_core|trajectory_bank:u_traj|trajectory_rom:rom_y2|altsyncram:mem_rtl_0|altsyncram_a3e1:auto_generated|ALTSYNCRAM ; AUTO ; ROM              ; 300          ; 16           ; --           ; --           ; 4800 ; db/Genetico.ram0_trajectory_rom_719e5ffe.hdl.mif ;
; ga_engine_top:u_ga_core|trajectory_bank:u_traj|trajectory_rom:rom_y3|altsyncram:mem_rtl_0|altsyncram_h2e1:auto_generated|ALTSYNCRAM ; AUTO ; ROM              ; 300          ; 16           ; --           ; --           ; 4800 ; db/Genetico.ram0_trajectory_rom_55a32aaa.hdl.mif ;
; ga_engine_top:u_ga_core|trajectory_bank:u_traj|trajectory_rom:rom_z0|altsyncram:mem_rtl_0|altsyncram_g1e1:auto_generated|ALTSYNCRAM ; AUTO ; ROM              ; 300          ; 16           ; --           ; --           ; 4800 ; db/Genetico.ram0_trajectory_rom_4a1d977a.hdl.mif ;
; ga_engine_top:u_ga_core|trajectory_bank:u_traj|trajectory_rom:rom_z1|altsyncram:mem_rtl_0|altsyncram_rvd1:auto_generated|ALTSYNCRAM ; AUTO ; ROM              ; 300          ; 16           ; --           ; --           ; 4800 ; db/Genetico.ram0_trajectory_rom_2cc30693.hdl.mif ;
; ga_engine_top:u_ga_core|trajectory_bank:u_traj|trajectory_rom:rom_z2|altsyncram:mem_rtl_0|altsyncram_p2e1:auto_generated|ALTSYNCRAM ; AUTO ; ROM              ; 300          ; 16           ; --           ; --           ; 4800 ; db/Genetico.ram0_trajectory_rom_abc656a3.hdl.mif ;
; ga_engine_top:u_ga_core|trajectory_bank:u_traj|trajectory_rom:rom_z3|altsyncram:mem_rtl_0|altsyncram_r2e1:auto_generated|ALTSYNCRAM ; AUTO ; ROM              ; 300          ; 16           ; --           ; --           ; 4800 ; db/Genetico.ram0_trajectory_rom_f55b80ba.hdl.mif ;
+-------------------------------------------------------------------------------------------------------------------------------------+------+------------------+--------------+--------------+--------------+--------------+------+--------------------------------------------------+


+-------------------------------------------------+
; Analysis & Synthesis DSP Block Usage Summary    ;
+-----------------------------------+-------------+
; Statistic                         ; Number Used ;
+-----------------------------------+-------------+
; Two Independent 18x18             ; 3           ;
; Independent 18x18 plus 36         ; 4           ;
; Sum of two 18x18                  ; 4           ;
; Total number of DSP blocks        ; 11          ;
;                                   ;             ;
; Fixed Point Signed Multiplier     ; 12          ;
; Fixed Point Mixed Sign Multiplier ; 3           ;
+-----------------------------------+-------------+


Encoding Type:  One-Hot
+-----------------------------------------------------------------------------------------------------------------------------------------------------------------------------------------------------------------------------------------------------------------------------------------------------------------------------------------------------------------------------------------------------------------------------------------------------------------------------------------------------------------------------------------------------------------------------------------------------------------------------------------------------------------------------------------------------------------------------------------------------------------------------------------------------------------------------------------------------------------------------------------------+
; State Machine - |ga_top_wrapper|ga_engine_top:u_ga_core|state                                                                                                                                                                                                                                                                                                                                                                                                                                                                                                                                                                                                                                                                                                                                                                                                                                 ;
+--------------------------+-----------------------+------------------+------------------+------------------+--------------------+-----------------------+-----------------------+------------------------+--------------------+--------------------+------------------------+-------------------------+--------------------+-----------------------+-----------------------+------------------------+---------------------+----------------------+--------------------+-------------------+------------------+-------------------+-----------------------+------------------------+-----------------------+------------------------+-------------------------+---------------------+---------------------+---------------------+-------------------------+--------------------------+-------------------------+--------------------------+-------------------+------------------+--------------+
; Name                     ; state.S_CROSS_TOURN_C ; state.S_FINISHED ; state.S_NEXT_GEN ; state.S_ELITE_WB ; state.S_CROSS_LOOP ; state.S_CROSS_TOURN_B ; state.S_CROSS_TOURN_A ; state.S_ELITE_NEXT_IND ; state.S_ELITE_COPY ; state.S_EVAL_STORE ; state.S_RMSE_SQRT_WAIT ; state.S_RMSE_SQRT_START ; state.S_RMSE_ACCUM ; state.S_RMSE_SEG_NEXT ; state.S_RMSE_SEG_WAIT ; state.S_RMSE_SEG_START ; state.S_RMSE_REF_WT ; state.S_RMSE_REF_REQ ; state.S_BUILD_VERT ; state.S_SORT_STEP ; state.S_SORT_CMP ; state.S_SORT_INIT ; state.S_ORDER_PT_DONE ; state.S_ORDER_SCAN_CMP ; state.S_ORDER_SCAN_WT ; state.S_ORDER_SCAN_REQ ; state.S_ORDER_INIT_SCAN ; state.S_ORDER_PT_RZ ; state.S_ORDER_PT_RY ; state.S_ORDER_PT_RX ; state.S_EVAL_ANCHOR1_WT ; state.S_EVAL_ANCHOR1_REQ ; state.S_EVAL_ANCHOR0_WT ; state.S_EVAL_ANCHOR0_REQ ; state.S_GEN_START ; state.S_INIT_POP ; state.S_IDLE ;
+--------------------------+-----------------------+------------------+------------------+------------------+--------------------+-----------------------+-----------------------+------------------------+--------------------+--------------------+------------------------+-------------------------+--------------------+-----------------------+-----------------------+------------------------+---------------------+----------------------+--------------------+-------------------+------------------+-------------------+-----------------------+------------------------+-----------------------+------------------------+-------------------------+---------------------+---------------------+---------------------+-------------------------+--------------------------+-------------------------+--------------------------+-------------------+------------------+--------------+
; state.S_IDLE             ; 0                     ; 0                ; 0                ; 0                ; 0                  ; 0                     ; 0                     ; 0                      ; 0                  ; 0                  ; 0                      ; 0                       ; 0                  ; 0                     ; 0                     ; 0                      ; 0                   ; 0                    ; 0                  ; 0                 ; 0                ; 0                 ; 0                     ; 0                      ; 0                     ; 0                      ; 0                       ; 0                   ; 0                   ; 0                   ; 0                       ; 0                        ; 0                       ; 0                        ; 0                 ; 0                ; 0            ;
; state.S_INIT_POP         ; 0                     ; 0                ; 0                ; 0                ; 0                  ; 0                     ; 0                     ; 0                      ; 0                  ; 0                  ; 0                      ; 0                       ; 0                  ; 0                     ; 0                     ; 0                      ; 0                   ; 0                    ; 0                  ; 0                 ; 0                ; 0                 ; 0                     ; 0                      ; 0                     ; 0                      ; 0                       ; 0                   ; 0                   ; 0                   ; 0                       ; 0                        ; 0                       ; 0                        ; 0                 ; 1                ; 1            ;
; state.S_GEN_START        ; 0                     ; 0                ; 0                ; 0                ; 0                  ; 0                     ; 0                     ; 0                      ; 0                  ; 0                  ; 0                      ; 0                       ; 0                  ; 0                     ; 0                     ; 0                      ; 0                   ; 0                    ; 0                  ; 0                 ; 0                ; 0                 ; 0                     ; 0                      ; 0                     ; 0                      ; 0                       ; 0                   ; 0                   ; 0                   ; 0                       ; 0                        ; 0                       ; 0                        ; 1                 ; 0                ; 1            ;
; state.S_EVAL_ANCHOR0_REQ ; 0                     ; 0                ; 0                ; 0                ; 0                  ; 0                     ; 0                     ; 0                      ; 0                  ; 0                  ; 0                      ; 0                       ; 0                  ; 0                     ; 0                     ; 0                      ; 0                   ; 0                    ; 0                  ; 0                 ; 0                ; 0                 ; 0                     ; 0                      ; 0                     ; 0                      ; 0                       ; 0                   ; 0                   ; 0                   ; 0                       ; 0                        ; 0                       ; 1                        ; 0                 ; 0                ; 1            ;
; state.S_EVAL_ANCHOR0_WT  ; 0                     ; 0                ; 0                ; 0                ; 0                  ; 0                     ; 0                     ; 0                      ; 0                  ; 0                  ; 0                      ; 0                       ; 0                  ; 0                     ; 0                     ; 0                      ; 0                   ; 0                    ; 0                  ; 0                 ; 0                ; 0                 ; 0                     ; 0                      ; 0                     ; 0                      ; 0                       ; 0                   ; 0                   ; 0                   ; 0                       ; 0                        ; 1                       ; 0                        ; 0                 ; 0                ; 1            ;
; state.S_EVAL_ANCHOR1_REQ ; 0                     ; 0                ; 0                ; 0                ; 0                  ; 0                     ; 0                     ; 0                      ; 0                  ; 0                  ; 0                      ; 0                       ; 0                  ; 0                     ; 0                     ; 0                      ; 0                   ; 0                    ; 0                  ; 0                 ; 0                ; 0                 ; 0                     ; 0                      ; 0                     ; 0                      ; 0                       ; 0                   ; 0                   ; 0                   ; 0                       ; 1                        ; 0                       ; 0                        ; 0                 ; 0                ; 1            ;
; state.S_EVAL_ANCHOR1_WT  ; 0                     ; 0                ; 0                ; 0                ; 0                  ; 0                     ; 0                     ; 0                      ; 0                  ; 0                  ; 0                      ; 0                       ; 0                  ; 0                     ; 0                     ; 0                      ; 0                   ; 0                    ; 0                  ; 0                 ; 0                ; 0                 ; 0                     ; 0                      ; 0                     ; 0                      ; 0                       ; 0                   ; 0                   ; 0                   ; 1                       ; 0                        ; 0                       ; 0                        ; 0                 ; 0                ; 1            ;
; state.S_ORDER_PT_RX      ; 0                     ; 0                ; 0                ; 0                ; 0                  ; 0                     ; 0                     ; 0                      ; 0                  ; 0                  ; 0                      ; 0                       ; 0                  ; 0                     ; 0                     ; 0                      ; 0                   ; 0                    ; 0                  ; 0                 ; 0                ; 0                 ; 0                     ; 0                      ; 0                     ; 0                      ; 0                       ; 0                   ; 0                   ; 1                   ; 0                       ; 0                        ; 0                       ; 0                        ; 0                 ; 0                ; 1            ;
; state.S_ORDER_PT_RY      ; 0                     ; 0                ; 0                ; 0                ; 0                  ; 0                     ; 0                     ; 0                      ; 0                  ; 0                  ; 0                      ; 0                       ; 0                  ; 0                     ; 0                     ; 0                      ; 0                   ; 0                    ; 0                  ; 0                 ; 0                ; 0                 ; 0                     ; 0                      ; 0                     ; 0                      ; 0                       ; 0                   ; 1                   ; 0                   ; 0                       ; 0                        ; 0                       ; 0                        ; 0                 ; 0                ; 1            ;
; state.S_ORDER_PT_RZ      ; 0                     ; 0                ; 0                ; 0                ; 0                  ; 0                     ; 0                     ; 0                      ; 0                  ; 0                  ; 0                      ; 0                       ; 0                  ; 0                     ; 0                     ; 0                      ; 0                   ; 0                    ; 0                  ; 0                 ; 0                ; 0                 ; 0                     ; 0                      ; 0                     ; 0                      ; 0                       ; 1                   ; 0                   ; 0                   ; 0                       ; 0                        ; 0                       ; 0                        ; 0                 ; 0                ; 1            ;
; state.S_ORDER_INIT_SCAN  ; 0                     ; 0                ; 0                ; 0                ; 0                  ; 0                     ; 0                     ; 0                      ; 0                  ; 0                  ; 0                      ; 0                       ; 0                  ; 0                     ; 0                     ; 0                      ; 0                   ; 0                    ; 0                  ; 0                 ; 0                ; 0                 ; 0                     ; 0                      ; 0                     ; 0                      ; 1                       ; 0                   ; 0                   ; 0                   ; 0                       ; 0                        ; 0                       ; 0                        ; 0                 ; 0                ; 1            ;
; state.S_ORDER_SCAN_REQ   ; 0                     ; 0                ; 0                ; 0                ; 0                  ; 0                     ; 0                     ; 0                      ; 0                  ; 0                  ; 0                      ; 0                       ; 0                  ; 0                     ; 0                     ; 0                      ; 0                   ; 0                    ; 0                  ; 0                 ; 0                ; 0                 ; 0                     ; 0                      ; 0                     ; 1                      ; 0                       ; 0                   ; 0                   ; 0                   ; 0                       ; 0                        ; 0                       ; 0                        ; 0                 ; 0                ; 1            ;
; state.S_ORDER_SCAN_WT    ; 0                     ; 0                ; 0                ; 0                ; 0                  ; 0                     ; 0                     ; 0                      ; 0                  ; 0                  ; 0                      ; 0                       ; 0                  ; 0                     ; 0                     ; 0                      ; 0                   ; 0                    ; 0                  ; 0                 ; 0                ; 0                 ; 0                     ; 0                      ; 1                     ; 0                      ; 0                       ; 0                   ; 0                   ; 0                   ; 0                       ; 0                        ; 0                       ; 0                        ; 0                 ; 0                ; 1            ;
; state.S_ORDER_SCAN_CMP   ; 0                     ; 0                ; 0                ; 0                ; 0                  ; 0                     ; 0                     ; 0                      ; 0                  ; 0                  ; 0                      ; 0                       ; 0                  ; 0                     ; 0                     ; 0                      ; 0                   ; 0                    ; 0                  ; 0                 ; 0                ; 0                 ; 0                     ; 1                      ; 0                     ; 0                      ; 0                       ; 0                   ; 0                   ; 0                   ; 0                       ; 0                        ; 0                       ; 0                        ; 0                 ; 0                ; 1            ;
; state.S_ORDER_PT_DONE    ; 0                     ; 0                ; 0                ; 0                ; 0                  ; 0                     ; 0                     ; 0                      ; 0                  ; 0                  ; 0                      ; 0                       ; 0                  ; 0                     ; 0                     ; 0                      ; 0                   ; 0                    ; 0                  ; 0                 ; 0                ; 0                 ; 1                     ; 0                      ; 0                     ; 0                      ; 0                       ; 0                   ; 0                   ; 0                   ; 0                       ; 0                        ; 0                       ; 0                        ; 0                 ; 0                ; 1            ;
; state.S_SORT_INIT        ; 0                     ; 0                ; 0                ; 0                ; 0                  ; 0                     ; 0                     ; 0                      ; 0                  ; 0                  ; 0                      ; 0                       ; 0                  ; 0                     ; 0                     ; 0                      ; 0                   ; 0                    ; 0                  ; 0                 ; 0                ; 1                 ; 0                     ; 0                      ; 0                     ; 0                      ; 0                       ; 0                   ; 0                   ; 0                   ; 0                       ; 0                        ; 0                       ; 0                        ; 0                 ; 0                ; 1            ;
; state.S_SORT_CMP         ; 0                     ; 0                ; 0                ; 0                ; 0                  ; 0                     ; 0                     ; 0                      ; 0                  ; 0                  ; 0                      ; 0                       ; 0                  ; 0                     ; 0                     ; 0                      ; 0                   ; 0                    ; 0                  ; 0                 ; 1                ; 0                 ; 0                     ; 0                      ; 0                     ; 0                      ; 0                       ; 0                   ; 0                   ; 0                   ; 0                       ; 0                        ; 0                       ; 0                        ; 0                 ; 0                ; 1            ;
; state.S_SORT_STEP        ; 0                     ; 0                ; 0                ; 0                ; 0                  ; 0                     ; 0                     ; 0                      ; 0                  ; 0                  ; 0                      ; 0                       ; 0                  ; 0                     ; 0                     ; 0                      ; 0                   ; 0                    ; 0                  ; 1                 ; 0                ; 0                 ; 0                     ; 0                      ; 0                     ; 0                      ; 0                       ; 0                   ; 0                   ; 0                   ; 0                       ; 0                        ; 0                       ; 0                        ; 0                 ; 0                ; 1            ;
; state.S_BUILD_VERT       ; 0                     ; 0                ; 0                ; 0                ; 0                  ; 0                     ; 0                     ; 0                      ; 0                  ; 0                  ; 0                      ; 0                       ; 0                  ; 0                     ; 0                     ; 0                      ; 0                   ; 0                    ; 1                  ; 0                 ; 0                ; 0                 ; 0                     ; 0                      ; 0                     ; 0                      ; 0                       ; 0                   ; 0                   ; 0                   ; 0                       ; 0                        ; 0                       ; 0                        ; 0                 ; 0                ; 1            ;
; state.S_RMSE_REF_REQ     ; 0                     ; 0                ; 0                ; 0                ; 0                  ; 0                     ; 0                     ; 0                      ; 0                  ; 0                  ; 0                      ; 0                       ; 0                  ; 0                     ; 0                     ; 0                      ; 0                   ; 1                    ; 0                  ; 0                 ; 0                ; 0                 ; 0                     ; 0                      ; 0                     ; 0                      ; 0                       ; 0                   ; 0                   ; 0                   ; 0                       ; 0                        ; 0                       ; 0                        ; 0                 ; 0                ; 1            ;
; state.S_RMSE_REF_WT      ; 0                     ; 0                ; 0                ; 0                ; 0                  ; 0                     ; 0                     ; 0                      ; 0                  ; 0                  ; 0                      ; 0                       ; 0                  ; 0                     ; 0                     ; 0                      ; 1                   ; 0                    ; 0                  ; 0                 ; 0                ; 0                 ; 0                     ; 0                      ; 0                     ; 0                      ; 0                       ; 0                   ; 0                   ; 0                   ; 0                       ; 0                        ; 0                       ; 0                        ; 0                 ; 0                ; 1            ;
; state.S_RMSE_SEG_START   ; 0                     ; 0                ; 0                ; 0                ; 0                  ; 0                     ; 0                     ; 0                      ; 0                  ; 0                  ; 0                      ; 0                       ; 0                  ; 0                     ; 0                     ; 1                      ; 0                   ; 0                    ; 0                  ; 0                 ; 0                ; 0                 ; 0                     ; 0                      ; 0                     ; 0                      ; 0                       ; 0                   ; 0                   ; 0                   ; 0                       ; 0                        ; 0                       ; 0                        ; 0                 ; 0                ; 1            ;
; state.S_RMSE_SEG_WAIT    ; 0                     ; 0                ; 0                ; 0                ; 0                  ; 0                     ; 0                     ; 0                      ; 0                  ; 0                  ; 0                      ; 0                       ; 0                  ; 0                     ; 1                     ; 0                      ; 0                   ; 0                    ; 0                  ; 0                 ; 0                ; 0                 ; 0                     ; 0                      ; 0                     ; 0                      ; 0                       ; 0                   ; 0                   ; 0                   ; 0                       ; 0                        ; 0                       ; 0                        ; 0                 ; 0                ; 1            ;
; state.S_RMSE_SEG_NEXT    ; 0                     ; 0                ; 0                ; 0                ; 0                  ; 0                     ; 0                     ; 0                      ; 0                  ; 0                  ; 0                      ; 0                       ; 0                  ; 1                     ; 0                     ; 0                      ; 0                   ; 0                    ; 0                  ; 0                 ; 0                ; 0                 ; 0                     ; 0                      ; 0                     ; 0                      ; 0                       ; 0                   ; 0                   ; 0                   ; 0                       ; 0                        ; 0                       ; 0                        ; 0                 ; 0                ; 1            ;
; state.S_RMSE_ACCUM       ; 0                     ; 0                ; 0                ; 0                ; 0                  ; 0                     ; 0                     ; 0                      ; 0                  ; 0                  ; 0                      ; 0                       ; 1                  ; 0                     ; 0                     ; 0                      ; 0                   ; 0                    ; 0                  ; 0                 ; 0                ; 0                 ; 0                     ; 0                      ; 0                     ; 0                      ; 0                       ; 0                   ; 0                   ; 0                   ; 0                       ; 0                        ; 0                       ; 0                        ; 0                 ; 0                ; 1            ;
; state.S_RMSE_SQRT_START  ; 0                     ; 0                ; 0                ; 0                ; 0                  ; 0                     ; 0                     ; 0                      ; 0                  ; 0                  ; 0                      ; 1                       ; 0                  ; 0                     ; 0                     ; 0                      ; 0                   ; 0                    ; 0                  ; 0                 ; 0                ; 0                 ; 0                     ; 0                      ; 0                     ; 0                      ; 0                       ; 0                   ; 0                   ; 0                   ; 0                       ; 0                        ; 0                       ; 0                        ; 0                 ; 0                ; 1            ;
; state.S_RMSE_SQRT_WAIT   ; 0                     ; 0                ; 0                ; 0                ; 0                  ; 0                     ; 0                     ; 0                      ; 0                  ; 0                  ; 1                      ; 0                       ; 0                  ; 0                     ; 0                     ; 0                      ; 0                   ; 0                    ; 0                  ; 0                 ; 0                ; 0                 ; 0                     ; 0                      ; 0                     ; 0                      ; 0                       ; 0                   ; 0                   ; 0                   ; 0                       ; 0                        ; 0                       ; 0                        ; 0                 ; 0                ; 1            ;
; state.S_EVAL_STORE       ; 0                     ; 0                ; 0                ; 0                ; 0                  ; 0                     ; 0                     ; 0                      ; 0                  ; 1                  ; 0                      ; 0                       ; 0                  ; 0                     ; 0                     ; 0                      ; 0                   ; 0                    ; 0                  ; 0                 ; 0                ; 0                 ; 0                     ; 0                      ; 0                     ; 0                      ; 0                       ; 0                   ; 0                   ; 0                   ; 0                       ; 0                        ; 0                       ; 0                        ; 0                 ; 0                ; 1            ;
; state.S_ELITE_COPY       ; 0                     ; 0                ; 0                ; 0                ; 0                  ; 0                     ; 0                     ; 0                      ; 1                  ; 0                  ; 0                      ; 0                       ; 0                  ; 0                     ; 0                     ; 0                      ; 0                   ; 0                    ; 0                  ; 0                 ; 0                ; 0                 ; 0                     ; 0                      ; 0                     ; 0                      ; 0                       ; 0                   ; 0                   ; 0                   ; 0                       ; 0                        ; 0                       ; 0                        ; 0                 ; 0                ; 1            ;
; state.S_ELITE_NEXT_IND   ; 0                     ; 0                ; 0                ; 0                ; 0                  ; 0                     ; 0                     ; 1                      ; 0                  ; 0                  ; 0                      ; 0                       ; 0                  ; 0                     ; 0                     ; 0                      ; 0                   ; 0                    ; 0                  ; 0                 ; 0                ; 0                 ; 0                     ; 0                      ; 0                     ; 0                      ; 0                       ; 0                   ; 0                   ; 0                   ; 0                       ; 0                        ; 0                       ; 0                        ; 0                 ; 0                ; 1            ;
; state.S_CROSS_TOURN_A    ; 0                     ; 0                ; 0                ; 0                ; 0                  ; 0                     ; 1                     ; 0                      ; 0                  ; 0                  ; 0                      ; 0                       ; 0                  ; 0                     ; 0                     ; 0                      ; 0                   ; 0                    ; 0                  ; 0                 ; 0                ; 0                 ; 0                     ; 0                      ; 0                     ; 0                      ; 0                       ; 0                   ; 0                   ; 0                   ; 0                       ; 0                        ; 0                       ; 0                        ; 0                 ; 0                ; 1            ;
; state.S_CROSS_TOURN_B    ; 0                     ; 0                ; 0                ; 0                ; 0                  ; 1                     ; 0                     ; 0                      ; 0                  ; 0                  ; 0                      ; 0                       ; 0                  ; 0                     ; 0                     ; 0                      ; 0                   ; 0                    ; 0                  ; 0                 ; 0                ; 0                 ; 0                     ; 0                      ; 0                     ; 0                      ; 0                       ; 0                   ; 0                   ; 0                   ; 0                       ; 0                        ; 0                       ; 0                        ; 0                 ; 0                ; 1            ;
; state.S_CROSS_LOOP       ; 0                     ; 0                ; 0                ; 0                ; 1                  ; 0                     ; 0                     ; 0                      ; 0                  ; 0                  ; 0                      ; 0                       ; 0                  ; 0                     ; 0                     ; 0                      ; 0                   ; 0                    ; 0                  ; 0                 ; 0                ; 0                 ; 0                     ; 0                      ; 0                     ; 0                      ; 0                       ; 0                   ; 0                   ; 0                   ; 0                       ; 0                        ; 0                       ; 0                        ; 0                 ; 0                ; 1            ;
; state.S_ELITE_WB         ; 0                     ; 0                ; 0                ; 1                ; 0                  ; 0                     ; 0                     ; 0                      ; 0                  ; 0                  ; 0                      ; 0                       ; 0                  ; 0                     ; 0                     ; 0                      ; 0                   ; 0                    ; 0                  ; 0                 ; 0                ; 0                 ; 0                     ; 0                      ; 0                     ; 0                      ; 0                       ; 0                   ; 0                   ; 0                   ; 0                       ; 0                        ; 0                       ; 0                        ; 0                 ; 0                ; 1            ;
; state.S_NEXT_GEN         ; 0                     ; 0                ; 1                ; 0                ; 0                  ; 0                     ; 0                     ; 0                      ; 0                  ; 0                  ; 0                      ; 0                       ; 0                  ; 0                     ; 0                     ; 0                      ; 0                   ; 0                    ; 0                  ; 0                 ; 0                ; 0                 ; 0                     ; 0                      ; 0                     ; 0                      ; 0                       ; 0                   ; 0                   ; 0                   ; 0                       ; 0                        ; 0                       ; 0                        ; 0                 ; 0                ; 1            ;
; state.S_FINISHED         ; 0                     ; 1                ; 0                ; 0                ; 0                  ; 0                     ; 0                     ; 0                      ; 0                  ; 0                  ; 0                      ; 0                       ; 0                  ; 0                     ; 0                     ; 0                      ; 0                   ; 0                    ; 0                  ; 0                 ; 0                ; 0                 ; 0                     ; 0                      ; 0                     ; 0                      ; 0                       ; 0                   ; 0                   ; 0                   ; 0                       ; 0                        ; 0                       ; 0                        ; 0                 ; 0                ; 1            ;
; state.S_CROSS_TOURN_C    ; 1                     ; 0                ; 0                ; 0                ; 0                  ; 0                     ; 0                     ; 0                      ; 0                  ; 0                  ; 0                      ; 0                       ; 0                  ; 0                     ; 0                     ; 0                      ; 0                   ; 0                    ; 0                  ; 0                 ; 0                ; 0                 ; 0                     ; 0                      ; 0                     ; 0                      ; 0                       ; 0                   ; 0                   ; 0                   ; 0                       ; 0                        ; 0                       ; 0                        ; 0                 ; 0                ; 1            ;
+--------------------------+-----------------------+------------------+------------------+------------------+--------------------+-----------------------+-----------------------+------------------------+--------------------+--------------------+------------------------+-------------------------+--------------------+-----------------------+-----------------------+------------------------+---------------------+----------------------+--------------------+-------------------+------------------+-------------------+-----------------------+------------------------+-----------------------+------------------------+-------------------------+---------------------+---------------------+---------------------+-------------------------+--------------------------+-------------------------+--------------------------+-------------------+------------------+--------------+


Encoding Type:  One-Hot
+--------------------------------------------------------------------------------------------------------------------------------------------------------------------------------------+
; State Machine - |ga_top_wrapper|ga_engine_top:u_ga_core|point_seg_dist:u_psd|state                                                                                                   ;
+-------------------+--------------+-------------+---------------+--------------+------------------+-------------------+----------------+----------------+--------------+--------------+
; Name              ; state.S_DONE ; state.S_QSQ ; state.S_QDIFF ; state.S_PROJ ; state.S_DIV_WAIT ; state.S_DIV_START ; state.S_DECIDE ; state.S_DOTDEN ; state.S_DIFF ; state.S_IDLE ;
+-------------------+--------------+-------------+---------------+--------------+------------------+-------------------+----------------+----------------+--------------+--------------+
; state.S_IDLE      ; 0            ; 0           ; 0             ; 0            ; 0                ; 0                 ; 0              ; 0              ; 0            ; 0            ;
; state.S_DIFF      ; 0            ; 0           ; 0             ; 0            ; 0                ; 0                 ; 0              ; 0              ; 1            ; 1            ;
; state.S_DOTDEN    ; 0            ; 0           ; 0             ; 0            ; 0                ; 0                 ; 0              ; 1              ; 0            ; 1            ;
; state.S_DECIDE    ; 0            ; 0           ; 0             ; 0            ; 0                ; 0                 ; 1              ; 0              ; 0            ; 1            ;
; state.S_DIV_START ; 0            ; 0           ; 0             ; 0            ; 0                ; 1                 ; 0              ; 0              ; 0            ; 1            ;
; state.S_DIV_WAIT  ; 0            ; 0           ; 0             ; 0            ; 1                ; 0                 ; 0              ; 0              ; 0            ; 1            ;
; state.S_PROJ      ; 0            ; 0           ; 0             ; 1            ; 0                ; 0                 ; 0              ; 0              ; 0            ; 1            ;
; state.S_QDIFF     ; 0            ; 0           ; 1             ; 0            ; 0                ; 0                 ; 0              ; 0              ; 0            ; 1            ;
; state.S_QSQ       ; 0            ; 1           ; 0             ; 0            ; 0                ; 0                 ; 0              ; 0              ; 0            ; 1            ;
; state.S_DONE      ; 1            ; 0           ; 0             ; 0            ; 0                ; 0                 ; 0              ; 0              ; 0            ; 1            ;
+-------------------+--------------+-------------+---------------+--------------+------------------+-------------------+----------------+----------------+--------------+--------------+


+----------------------------------------------------------------------------------------------------------------------------------------+
; Registers Removed During Synthesis                                                                                                     ;
+------------------------------------------------------------------------------+---------------------------------------------------------+
; Register name                                                                ; Reason for Removal                                      ;
+------------------------------------------------------------------------------+---------------------------------------------------------+
; ga_engine_top:u_ga_core|cand_a[5..7]                                         ; Stuck at GND due to stuck port data_in                  ;
; ga_engine_top:u_ga_core|cand_b[5..7]                                         ; Stuck at GND due to stuck port data_in                  ;
; ga_engine_top:u_ga_core|point_seg_dist:u_psd|div_dividend_r[0..15,48..63]    ; Stuck at GND due to stuck port data_in                  ;
; ga_engine_top:u_ga_core|point_seg_dist:u_psd|div_divisor_r[32..63]           ; Stuck at GND due to stuck port data_in                  ;
; ga_engine_top:u_ga_core|point_seg_dist:u_psd|div_seq:u_div|divisor_r[32..63] ; Stuck at GND due to stuck port data_in                  ;
; ga_engine_top:u_ga_core|p1_idx[5..7]                                         ; Stuck at GND due to stuck port data_in                  ;
; ga_engine_top:u_ga_core|p2_idx[5..7]                                         ; Stuck at GND due to stuck port data_in                  ;
; ga_engine_top:u_ga_core|best_fitness[17..23]                                 ; Merged with ga_engine_top:u_ga_core|best_fitness[16]    ;
; ga_engine_top:u_ga_core|min_fitness_gen[17..31]                              ; Merged with ga_engine_top:u_ga_core|min_fitness_gen[16] ;
; ga_engine_top:u_ga_core|min_fitness[17..31]                                  ; Merged with ga_engine_top:u_ga_core|min_fitness[16]     ;
; ga_engine_top:u_ga_core|fitness_rtl_0_bypass[27..42]                         ; Stuck at GND due to stuck port data_in                  ;
; ga_engine_top:u_ga_core|state~41                                             ; Lost fanout                                             ;
; ga_engine_top:u_ga_core|state~42                                             ; Lost fanout                                             ;
; ga_engine_top:u_ga_core|state~43                                             ; Lost fanout                                             ;
; ga_engine_top:u_ga_core|state~44                                             ; Lost fanout                                             ;
; ga_engine_top:u_ga_core|state~45                                             ; Lost fanout                                             ;
; ga_engine_top:u_ga_core|state~46                                             ; Lost fanout                                             ;
; ga_engine_top:u_ga_core|point_seg_dist:u_psd|state~14                        ; Lost fanout                                             ;
; ga_engine_top:u_ga_core|point_seg_dist:u_psd|state~15                        ; Lost fanout                                             ;
; ga_engine_top:u_ga_core|point_seg_dist:u_psd|state~16                        ; Lost fanout                                             ;
; ga_engine_top:u_ga_core|point_seg_dist:u_psd|state~17                        ; Lost fanout                                             ;
; ga_engine_top:u_ga_core|fitness~31                                           ; Stuck at GND due to stuck port data_in                  ;
; ga_engine_top:u_ga_core|fitness~63                                           ; Stuck at GND due to stuck port data_in                  ;
; ga_engine_top:u_ga_core|fitness~95                                           ; Stuck at GND due to stuck port data_in                  ;
; ga_engine_top:u_ga_core|fitness~127                                          ; Stuck at GND due to stuck port data_in                  ;
; ga_engine_top:u_ga_core|fitness~159                                          ; Stuck at GND due to stuck port data_in                  ;
; ga_engine_top:u_ga_core|fitness~191                                          ; Stuck at GND due to stuck port data_in                  ;
; ga_engine_top:u_ga_core|fitness~223                                          ; Stuck at GND due to stuck port data_in                  ;
; ga_engine_top:u_ga_core|fitness~255                                          ; Stuck at GND due to stuck port data_in                  ;
; ga_engine_top:u_ga_core|fitness~287                                          ; Stuck at GND due to stuck port data_in                  ;
; ga_engine_top:u_ga_core|fitness~319                                          ; Stuck at GND due to stuck port data_in                  ;
; ga_engine_top:u_ga_core|fitness~351                                          ; Stuck at GND due to stuck port data_in                  ;
; ga_engine_top:u_ga_core|fitness~383                                          ; Stuck at GND due to stuck port data_in                  ;
; ga_engine_top:u_ga_core|fitness~415                                          ; Stuck at GND due to stuck port data_in                  ;
; ga_engine_top:u_ga_core|fitness~447                                          ; Stuck at GND due to stuck port data_in                  ;
; ga_engine_top:u_ga_core|fitness~479                                          ; Stuck at GND due to stuck port data_in                  ;
; ga_engine_top:u_ga_core|fitness~511                                          ; Stuck at GND due to stuck port data_in                  ;
; ga_engine_top:u_ga_core|fitness~543                                          ; Stuck at GND due to stuck port data_in                  ;
; ga_engine_top:u_ga_core|fitness~575                                          ; Stuck at GND due to stuck port data_in                  ;
; ga_engine_top:u_ga_core|fitness~607                                          ; Stuck at GND due to stuck port data_in                  ;
; ga_engine_top:u_ga_core|fitness~639                                          ; Stuck at GND due to stuck port data_in                  ;
; ga_engine_top:u_ga_core|fitness~671                                          ; Stuck at GND due to stuck port data_in                  ;
; ga_engine_top:u_ga_core|fitness~703                                          ; Stuck at GND due to stuck port data_in                  ;
; ga_engine_top:u_ga_core|fitness~735                                          ; Stuck at GND due to stuck port data_in                  ;
; ga_engine_top:u_ga_core|fitness~767                                          ; Stuck at GND due to stuck port data_in                  ;
; ga_engine_top:u_ga_core|fitness~799                                          ; Stuck at GND due to stuck port data_in                  ;
; ga_engine_top:u_ga_core|fitness~831                                          ; Stuck at GND due to stuck port data_in                  ;
; ga_engine_top:u_ga_core|fitness~863                                          ; Stuck at GND due to stuck port data_in                  ;
; ga_engine_top:u_ga_core|fitness~895                                          ; Stuck at GND due to stuck port data_in                  ;
; ga_engine_top:u_ga_core|fitness~927                                          ; Stuck at GND due to stuck port data_in                  ;
; ga_engine_top:u_ga_core|fitness~959                                          ; Stuck at GND due to stuck port data_in                  ;
; ga_engine_top:u_ga_core|fitness~991                                          ; Stuck at GND due to stuck port data_in                  ;
; ga_engine_top:u_ga_core|fitness~1023                                         ; Stuck at GND due to stuck port data_in                  ;
; ga_engine_top:u_ga_core|fitness~30                                           ; Stuck at GND due to stuck port data_in                  ;
; ga_engine_top:u_ga_core|fitness~62                                           ; Stuck at GND due to stuck port data_in                  ;
; ga_engine_top:u_ga_core|fitness~94                                           ; Stuck at GND due to stuck port data_in                  ;
; ga_engine_top:u_ga_core|fitness~126                                          ; Stuck at GND due to stuck port data_in                  ;
; ga_engine_top:u_ga_core|fitness~158                                          ; Stuck at GND due to stuck port data_in                  ;
; ga_engine_top:u_ga_core|fitness~190                                          ; Stuck at GND due to stuck port data_in                  ;
; ga_engine_top:u_ga_core|fitness~222                                          ; Stuck at GND due to stuck port data_in                  ;
; ga_engine_top:u_ga_core|fitness~254                                          ; Stuck at GND due to stuck port data_in                  ;
; ga_engine_top:u_ga_core|fitness~286                                          ; Stuck at GND due to stuck port data_in                  ;
; ga_engine_top:u_ga_core|fitness~318                                          ; Stuck at GND due to stuck port data_in                  ;
; ga_engine_top:u_ga_core|fitness~350                                          ; Stuck at GND due to stuck port data_in                  ;
; ga_engine_top:u_ga_core|fitness~382                                          ; Stuck at GND due to stuck port data_in                  ;
; ga_engine_top:u_ga_core|fitness~414                                          ; Stuck at GND due to stuck port data_in                  ;
; ga_engine_top:u_ga_core|fitness~446                                          ; Stuck at GND due to stuck port data_in                  ;
; ga_engine_top:u_ga_core|fitness~478                                          ; Stuck at GND due to stuck port data_in                  ;
; ga_engine_top:u_ga_core|fitness~510                                          ; Stuck at GND due to stuck port data_in                  ;
; ga_engine_top:u_ga_core|fitness~542                                          ; Stuck at GND due to stuck port data_in                  ;
; ga_engine_top:u_ga_core|fitness~574                                          ; Stuck at GND due to stuck port data_in                  ;
; ga_engine_top:u_ga_core|fitness~606                                          ; Stuck at GND due to stuck port data_in                  ;
; ga_engine_top:u_ga_core|fitness~638                                          ; Stuck at GND due to stuck port data_in                  ;
; ga_engine_top:u_ga_core|fitness~670                                          ; Stuck at GND due to stuck port data_in                  ;
; ga_engine_top:u_ga_core|fitness~702                                          ; Stuck at GND due to stuck port data_in                  ;
; ga_engine_top:u_ga_core|fitness~734                                          ; Stuck at GND due to stuck port data_in                  ;
; ga_engine_top:u_ga_core|fitness~766                                          ; Stuck at GND due to stuck port data_in                  ;
; ga_engine_top:u_ga_core|fitness~798                                          ; Stuck at GND due to stuck port data_in                  ;
; ga_engine_top:u_ga_core|fitness~830                                          ; Stuck at GND due to stuck port data_in                  ;
; ga_engine_top:u_ga_core|fitness~862                                          ; Stuck at GND due to stuck port data_in                  ;
; ga_engine_top:u_ga_core|fitness~894                                          ; Stuck at GND due to stuck port data_in                  ;
; ga_engine_top:u_ga_core|fitness~926                                          ; Stuck at GND due to stuck port data_in                  ;
; ga_engine_top:u_ga_core|fitness~958                                          ; Stuck at GND due to stuck port data_in                  ;
; ga_engine_top:u_ga_core|fitness~990                                          ; Stuck at GND due to stuck port data_in                  ;
; ga_engine_top:u_ga_core|fitness~1022                                         ; Stuck at GND due to stuck port data_in                  ;
; ga_engine_top:u_ga_core|fitness~29                                           ; Stuck at GND due to stuck port data_in                  ;
; ga_engine_top:u_ga_core|fitness~61                                           ; Stuck at GND due to stuck port data_in                  ;
; ga_engine_top:u_ga_core|fitness~93                                           ; Stuck at GND due to stuck port data_in                  ;
; ga_engine_top:u_ga_core|fitness~125                                          ; Stuck at GND due to stuck port data_in                  ;
; ga_engine_top:u_ga_core|fitness~157                                          ; Stuck at GND due to stuck port data_in                  ;
; ga_engine_top:u_ga_core|fitness~189                                          ; Stuck at GND due to stuck port data_in                  ;
; ga_engine_top:u_ga_core|fitness~221                                          ; Stuck at GND due to stuck port data_in                  ;
; ga_engine_top:u_ga_core|fitness~253                                          ; Stuck at GND due to stuck port data_in                  ;
; ga_engine_top:u_ga_core|fitness~285                                          ; Stuck at GND due to stuck port data_in                  ;
; ga_engine_top:u_ga_core|fitness~317                                          ; Stuck at GND due to stuck port data_in                  ;
; ga_engine_top:u_ga_core|fitness~349                                          ; Stuck at GND due to stuck port data_in                  ;
; ga_engine_top:u_ga_core|fitness~381                                          ; Stuck at GND due to stuck port data_in                  ;
; ga_engine_top:u_ga_core|fitness~413                                          ; Stuck at GND due to stuck port data_in                  ;
; ga_engine_top:u_ga_core|fitness~445                                          ; Stuck at GND due to stuck port data_in                  ;
; ga_engine_top:u_ga_core|fitness~477                                          ; Stuck at GND due to stuck port data_in                  ;
; ga_engine_top:u_ga_core|fitness~509                                          ; Stuck at GND due to stuck port data_in                  ;
; ga_engine_top:u_ga_core|fitness~541                                          ; Stuck at GND due to stuck port data_in                  ;
; ga_engine_top:u_ga_core|fitness~573                                          ; Stuck at GND due to stuck port data_in                  ;
; ga_engine_top:u_ga_core|fitness~605                                          ; Stuck at GND due to stuck port data_in                  ;
; ga_engine_top:u_ga_core|fitness~637                                          ; Stuck at GND due to stuck port data_in                  ;
; ga_engine_top:u_ga_core|fitness~669                                          ; Stuck at GND due to stuck port data_in                  ;
; ga_engine_top:u_ga_core|fitness~701                                          ; Stuck at GND due to stuck port data_in                  ;
; ga_engine_top:u_ga_core|fitness~733                                          ; Stuck at GND due to stuck port data_in                  ;
; ga_engine_top:u_ga_core|fitness~765                                          ; Stuck at GND due to stuck port data_in                  ;
; ga_engine_top:u_ga_core|fitness~797                                          ; Stuck at GND due to stuck port data_in                  ;
; ga_engine_top:u_ga_core|fitness~829                                          ; Stuck at GND due to stuck port data_in                  ;
; ga_engine_top:u_ga_core|fitness~861                                          ; Stuck at GND due to stuck port data_in                  ;
; ga_engine_top:u_ga_core|fitness~893                                          ; Stuck at GND due to stuck port data_in                  ;
; ga_engine_top:u_ga_core|fitness~925                                          ; Stuck at GND due to stuck port data_in                  ;
; ga_engine_top:u_ga_core|fitness~957                                          ; Stuck at GND due to stuck port data_in                  ;
; ga_engine_top:u_ga_core|fitness~989                                          ; Stuck at GND due to stuck port data_in                  ;
; ga_engine_top:u_ga_core|fitness~1021                                         ; Stuck at GND due to stuck port data_in                  ;
; ga_engine_top:u_ga_core|fitness~28                                           ; Stuck at GND due to stuck port data_in                  ;
; ga_engine_top:u_ga_core|fitness~60                                           ; Stuck at GND due to stuck port data_in                  ;
; ga_engine_top:u_ga_core|fitness~92                                           ; Stuck at GND due to stuck port data_in                  ;
; ga_engine_top:u_ga_core|fitness~124                                          ; Stuck at GND due to stuck port data_in                  ;
; ga_engine_top:u_ga_core|fitness~156                                          ; Stuck at GND due to stuck port data_in                  ;
; ga_engine_top:u_ga_core|fitness~188                                          ; Stuck at GND due to stuck port data_in                  ;
; ga_engine_top:u_ga_core|fitness~220                                          ; Stuck at GND due to stuck port data_in                  ;
; ga_engine_top:u_ga_core|fitness~252                                          ; Stuck at GND due to stuck port data_in                  ;
; ga_engine_top:u_ga_core|fitness~284                                          ; Stuck at GND due to stuck port data_in                  ;
; ga_engine_top:u_ga_core|fitness~316                                          ; Stuck at GND due to stuck port data_in                  ;
; ga_engine_top:u_ga_core|fitness~348                                          ; Stuck at GND due to stuck port data_in                  ;
; ga_engine_top:u_ga_core|fitness~380                                          ; Stuck at GND due to stuck port data_in                  ;
; ga_engine_top:u_ga_core|fitness~412                                          ; Stuck at GND due to stuck port data_in                  ;
; ga_engine_top:u_ga_core|fitness~444                                          ; Stuck at GND due to stuck port data_in                  ;
; ga_engine_top:u_ga_core|fitness~476                                          ; Stuck at GND due to stuck port data_in                  ;
; ga_engine_top:u_ga_core|fitness~508                                          ; Stuck at GND due to stuck port data_in                  ;
; ga_engine_top:u_ga_core|fitness~540                                          ; Stuck at GND due to stuck port data_in                  ;
; ga_engine_top:u_ga_core|fitness~572                                          ; Stuck at GND due to stuck port data_in                  ;
; ga_engine_top:u_ga_core|fitness~604                                          ; Stuck at GND due to stuck port data_in                  ;
; ga_engine_top:u_ga_core|fitness~636                                          ; Stuck at GND due to stuck port data_in                  ;
; ga_engine_top:u_ga_core|fitness~668                                          ; Stuck at GND due to stuck port data_in                  ;
; ga_engine_top:u_ga_core|fitness~700                                          ; Stuck at GND due to stuck port data_in                  ;
; ga_engine_top:u_ga_core|fitness~732                                          ; Stuck at GND due to stuck port data_in                  ;
; ga_engine_top:u_ga_core|fitness~764                                          ; Stuck at GND due to stuck port data_in                  ;
; ga_engine_top:u_ga_core|fitness~796                                          ; Stuck at GND due to stuck port data_in                  ;
; ga_engine_top:u_ga_core|fitness~828                                          ; Stuck at GND due to stuck port data_in                  ;
; ga_engine_top:u_ga_core|fitness~860                                          ; Stuck at GND due to stuck port data_in                  ;
; ga_engine_top:u_ga_core|fitness~892                                          ; Stuck at GND due to stuck port data_in                  ;
; ga_engine_top:u_ga_core|fitness~924                                          ; Stuck at GND due to stuck port data_in                  ;
; ga_engine_top:u_ga_core|fitness~956                                          ; Stuck at GND due to stuck port data_in                  ;
; ga_engine_top:u_ga_core|fitness~988                                          ; Stuck at GND due to stuck port data_in                  ;
; ga_engine_top:u_ga_core|fitness~1020                                         ; Stuck at GND due to stuck port data_in                  ;
; ga_engine_top:u_ga_core|fitness~27                                           ; Stuck at GND due to stuck port data_in                  ;
; ga_engine_top:u_ga_core|fitness~59                                           ; Stuck at GND due to stuck port data_in                  ;
; ga_engine_top:u_ga_core|fitness~91                                           ; Stuck at GND due to stuck port data_in                  ;
; ga_engine_top:u_ga_core|fitness~123                                          ; Stuck at GND due to stuck port data_in                  ;
; ga_engine_top:u_ga_core|fitness~155                                          ; Stuck at GND due to stuck port data_in                  ;
; ga_engine_top:u_ga_core|fitness~187                                          ; Stuck at GND due to stuck port data_in                  ;
; ga_engine_top:u_ga_core|fitness~219                                          ; Stuck at GND due to stuck port data_in                  ;
; ga_engine_top:u_ga_core|fitness~251                                          ; Stuck at GND due to stuck port data_in                  ;
; ga_engine_top:u_ga_core|fitness~283                                          ; Stuck at GND due to stuck port data_in                  ;
; ga_engine_top:u_ga_core|fitness~315                                          ; Stuck at GND due to stuck port data_in                  ;
; ga_engine_top:u_ga_core|fitness~347                                          ; Stuck at GND due to stuck port data_in                  ;
; ga_engine_top:u_ga_core|fitness~379                                          ; Stuck at GND due to stuck port data_in                  ;
; ga_engine_top:u_ga_core|fitness~411                                          ; Stuck at GND due to stuck port data_in                  ;
; ga_engine_top:u_ga_core|fitness~443                                          ; Stuck at GND due to stuck port data_in                  ;
; ga_engine_top:u_ga_core|fitness~475                                          ; Stuck at GND due to stuck port data_in                  ;
; ga_engine_top:u_ga_core|fitness~507                                          ; Stuck at GND due to stuck port data_in                  ;
; ga_engine_top:u_ga_core|fitness~539                                          ; Stuck at GND due to stuck port data_in                  ;
; ga_engine_top:u_ga_core|fitness~571                                          ; Stuck at GND due to stuck port data_in                  ;
; ga_engine_top:u_ga_core|fitness~603                                          ; Stuck at GND due to stuck port data_in                  ;
; ga_engine_top:u_ga_core|fitness~635                                          ; Stuck at GND due to stuck port data_in                  ;
; ga_engine_top:u_ga_core|fitness~667                                          ; Stuck at GND due to stuck port data_in                  ;
; ga_engine_top:u_ga_core|fitness~699                                          ; Stuck at GND due to stuck port data_in                  ;
; ga_engine_top:u_ga_core|fitness~731                                          ; Stuck at GND due to stuck port data_in                  ;
; ga_engine_top:u_ga_core|fitness~763                                          ; Stuck at GND due to stuck port data_in                  ;
; ga_engine_top:u_ga_core|fitness~795                                          ; Stuck at GND due to stuck port data_in                  ;
; ga_engine_top:u_ga_core|fitness~827                                          ; Stuck at GND due to stuck port data_in                  ;
; ga_engine_top:u_ga_core|fitness~859                                          ; Stuck at GND due to stuck port data_in                  ;
; ga_engine_top:u_ga_core|fitness~891                                          ; Stuck at GND due to stuck port data_in                  ;
; ga_engine_top:u_ga_core|fitness~923                                          ; Stuck at GND due to stuck port data_in                  ;
; ga_engine_top:u_ga_core|fitness~955                                          ; Stuck at GND due to stuck port data_in                  ;
; ga_engine_top:u_ga_core|fitness~987                                          ; Stuck at GND due to stuck port data_in                  ;
; ga_engine_top:u_ga_core|fitness~1019                                         ; Stuck at GND due to stuck port data_in                  ;
; ga_engine_top:u_ga_core|fitness~26                                           ; Stuck at GND due to stuck port data_in                  ;
; ga_engine_top:u_ga_core|fitness~58                                           ; Stuck at GND due to stuck port data_in                  ;
; ga_engine_top:u_ga_core|fitness~90                                           ; Stuck at GND due to stuck port data_in                  ;
; ga_engine_top:u_ga_core|fitness~122                                          ; Stuck at GND due to stuck port data_in                  ;
; ga_engine_top:u_ga_core|fitness~154                                          ; Stuck at GND due to stuck port data_in                  ;
; ga_engine_top:u_ga_core|fitness~186                                          ; Stuck at GND due to stuck port data_in                  ;
; ga_engine_top:u_ga_core|fitness~218                                          ; Stuck at GND due to stuck port data_in                  ;
; ga_engine_top:u_ga_core|fitness~250                                          ; Stuck at GND due to stuck port data_in                  ;
; ga_engine_top:u_ga_core|fitness~282                                          ; Stuck at GND due to stuck port data_in                  ;
; ga_engine_top:u_ga_core|fitness~314                                          ; Stuck at GND due to stuck port data_in                  ;
; ga_engine_top:u_ga_core|fitness~346                                          ; Stuck at GND due to stuck port data_in                  ;
; ga_engine_top:u_ga_core|fitness~378                                          ; Stuck at GND due to stuck port data_in                  ;
; ga_engine_top:u_ga_core|fitness~410                                          ; Stuck at GND due to stuck port data_in                  ;
; ga_engine_top:u_ga_core|fitness~442                                          ; Stuck at GND due to stuck port data_in                  ;
; ga_engine_top:u_ga_core|fitness~474                                          ; Stuck at GND due to stuck port data_in                  ;
; ga_engine_top:u_ga_core|fitness~506                                          ; Stuck at GND due to stuck port data_in                  ;
; ga_engine_top:u_ga_core|fitness~538                                          ; Stuck at GND due to stuck port data_in                  ;
; ga_engine_top:u_ga_core|fitness~570                                          ; Stuck at GND due to stuck port data_in                  ;
; ga_engine_top:u_ga_core|fitness~602                                          ; Stuck at GND due to stuck port data_in                  ;
; ga_engine_top:u_ga_core|fitness~634                                          ; Stuck at GND due to stuck port data_in                  ;
; ga_engine_top:u_ga_core|fitness~666                                          ; Stuck at GND due to stuck port data_in                  ;
; ga_engine_top:u_ga_core|fitness~698                                          ; Stuck at GND due to stuck port data_in                  ;
; ga_engine_top:u_ga_core|fitness~730                                          ; Stuck at GND due to stuck port data_in                  ;
; ga_engine_top:u_ga_core|fitness~762                                          ; Stuck at GND due to stuck port data_in                  ;
; ga_engine_top:u_ga_core|fitness~794                                          ; Stuck at GND due to stuck port data_in                  ;
; ga_engine_top:u_ga_core|fitness~826                                          ; Stuck at GND due to stuck port data_in                  ;
; ga_engine_top:u_ga_core|fitness~858                                          ; Stuck at GND due to stuck port data_in                  ;
; ga_engine_top:u_ga_core|fitness~890                                          ; Stuck at GND due to stuck port data_in                  ;
; ga_engine_top:u_ga_core|fitness~922                                          ; Stuck at GND due to stuck port data_in                  ;
; ga_engine_top:u_ga_core|fitness~954                                          ; Stuck at GND due to stuck port data_in                  ;
; ga_engine_top:u_ga_core|fitness~986                                          ; Stuck at GND due to stuck port data_in                  ;
; ga_engine_top:u_ga_core|fitness~1018                                         ; Stuck at GND due to stuck port data_in                  ;
; ga_engine_top:u_ga_core|fitness~25                                           ; Stuck at GND due to stuck port data_in                  ;
; ga_engine_top:u_ga_core|fitness~57                                           ; Stuck at GND due to stuck port data_in                  ;
; ga_engine_top:u_ga_core|fitness~89                                           ; Stuck at GND due to stuck port data_in                  ;
; ga_engine_top:u_ga_core|fitness~121                                          ; Stuck at GND due to stuck port data_in                  ;
; ga_engine_top:u_ga_core|fitness~153                                          ; Stuck at GND due to stuck port data_in                  ;
; ga_engine_top:u_ga_core|fitness~185                                          ; Stuck at GND due to stuck port data_in                  ;
; ga_engine_top:u_ga_core|fitness~217                                          ; Stuck at GND due to stuck port data_in                  ;
; ga_engine_top:u_ga_core|fitness~249                                          ; Stuck at GND due to stuck port data_in                  ;
; ga_engine_top:u_ga_core|fitness~281                                          ; Stuck at GND due to stuck port data_in                  ;
; ga_engine_top:u_ga_core|fitness~313                                          ; Stuck at GND due to stuck port data_in                  ;
; ga_engine_top:u_ga_core|fitness~345                                          ; Stuck at GND due to stuck port data_in                  ;
; ga_engine_top:u_ga_core|fitness~377                                          ; Stuck at GND due to stuck port data_in                  ;
; ga_engine_top:u_ga_core|fitness~409                                          ; Stuck at GND due to stuck port data_in                  ;
; ga_engine_top:u_ga_core|fitness~441                                          ; Stuck at GND due to stuck port data_in                  ;
; ga_engine_top:u_ga_core|fitness~473                                          ; Stuck at GND due to stuck port data_in                  ;
; ga_engine_top:u_ga_core|fitness~505                                          ; Stuck at GND due to stuck port data_in                  ;
; ga_engine_top:u_ga_core|fitness~537                                          ; Stuck at GND due to stuck port data_in                  ;
; ga_engine_top:u_ga_core|fitness~569                                          ; Stuck at GND due to stuck port data_in                  ;
; ga_engine_top:u_ga_core|fitness~601                                          ; Stuck at GND due to stuck port data_in                  ;
; ga_engine_top:u_ga_core|fitness~633                                          ; Stuck at GND due to stuck port data_in                  ;
; ga_engine_top:u_ga_core|fitness~665                                          ; Stuck at GND due to stuck port data_in                  ;
; ga_engine_top:u_ga_core|fitness~697                                          ; Stuck at GND due to stuck port data_in                  ;
; ga_engine_top:u_ga_core|fitness~729                                          ; Stuck at GND due to stuck port data_in                  ;
; ga_engine_top:u_ga_core|fitness~761                                          ; Stuck at GND due to stuck port data_in                  ;
; ga_engine_top:u_ga_core|fitness~793                                          ; Stuck at GND due to stuck port data_in                  ;
; ga_engine_top:u_ga_core|fitness~825                                          ; Stuck at GND due to stuck port data_in                  ;
; ga_engine_top:u_ga_core|fitness~857                                          ; Stuck at GND due to stuck port data_in                  ;
; ga_engine_top:u_ga_core|fitness~889                                          ; Stuck at GND due to stuck port data_in                  ;
; ga_engine_top:u_ga_core|fitness~921                                          ; Stuck at GND due to stuck port data_in                  ;
; ga_engine_top:u_ga_core|fitness~953                                          ; Stuck at GND due to stuck port data_in                  ;
; ga_engine_top:u_ga_core|fitness~985                                          ; Stuck at GND due to stuck port data_in                  ;
; ga_engine_top:u_ga_core|fitness~1017                                         ; Stuck at GND due to stuck port data_in                  ;
; ga_engine_top:u_ga_core|fitness~24                                           ; Stuck at GND due to stuck port data_in                  ;
; ga_engine_top:u_ga_core|fitness~56                                           ; Stuck at GND due to stuck port data_in                  ;
; ga_engine_top:u_ga_core|fitness~88                                           ; Stuck at GND due to stuck port data_in                  ;
; ga_engine_top:u_ga_core|fitness~120                                          ; Stuck at GND due to stuck port data_in                  ;
; ga_engine_top:u_ga_core|fitness~152                                          ; Stuck at GND due to stuck port data_in                  ;
; ga_engine_top:u_ga_core|fitness~184                                          ; Stuck at GND due to stuck port data_in                  ;
; ga_engine_top:u_ga_core|fitness~216                                          ; Stuck at GND due to stuck port data_in                  ;
; ga_engine_top:u_ga_core|fitness~248                                          ; Stuck at GND due to stuck port data_in                  ;
; ga_engine_top:u_ga_core|fitness~280                                          ; Stuck at GND due to stuck port data_in                  ;
; ga_engine_top:u_ga_core|fitness~312                                          ; Stuck at GND due to stuck port data_in                  ;
; ga_engine_top:u_ga_core|fitness~344                                          ; Stuck at GND due to stuck port data_in                  ;
; ga_engine_top:u_ga_core|fitness~376                                          ; Stuck at GND due to stuck port data_in                  ;
; ga_engine_top:u_ga_core|fitness~408                                          ; Stuck at GND due to stuck port data_in                  ;
; ga_engine_top:u_ga_core|fitness~440                                          ; Stuck at GND due to stuck port data_in                  ;
; ga_engine_top:u_ga_core|fitness~472                                          ; Stuck at GND due to stuck port data_in                  ;
; ga_engine_top:u_ga_core|fitness~504                                          ; Stuck at GND due to stuck port data_in                  ;
; ga_engine_top:u_ga_core|fitness~536                                          ; Stuck at GND due to stuck port data_in                  ;
; ga_engine_top:u_ga_core|fitness~568                                          ; Stuck at GND due to stuck port data_in                  ;
; ga_engine_top:u_ga_core|fitness~600                                          ; Stuck at GND due to stuck port data_in                  ;
; ga_engine_top:u_ga_core|fitness~632                                          ; Stuck at GND due to stuck port data_in                  ;
; ga_engine_top:u_ga_core|fitness~664                                          ; Stuck at GND due to stuck port data_in                  ;
; ga_engine_top:u_ga_core|fitness~696                                          ; Stuck at GND due to stuck port data_in                  ;
; ga_engine_top:u_ga_core|fitness~728                                          ; Stuck at GND due to stuck port data_in                  ;
; ga_engine_top:u_ga_core|fitness~760                                          ; Stuck at GND due to stuck port data_in                  ;
; ga_engine_top:u_ga_core|fitness~792                                          ; Stuck at GND due to stuck port data_in                  ;
; ga_engine_top:u_ga_core|fitness~824                                          ; Stuck at GND due to stuck port data_in                  ;
; ga_engine_top:u_ga_core|fitness~856                                          ; Stuck at GND due to stuck port data_in                  ;
; ga_engine_top:u_ga_core|fitness~888                                          ; Stuck at GND due to stuck port data_in                  ;
; ga_engine_top:u_ga_core|fitness~920                                          ; Stuck at GND due to stuck port data_in                  ;
; ga_engine_top:u_ga_core|fitness~952                                          ; Stuck at GND due to stuck port data_in                  ;
; ga_engine_top:u_ga_core|fitness~984                                          ; Stuck at GND due to stuck port data_in                  ;
; ga_engine_top:u_ga_core|fitness~1016                                         ; Stuck at GND due to stuck port data_in                  ;
; ga_engine_top:u_ga_core|fitness~23                                           ; Stuck at GND due to stuck port data_in                  ;
; ga_engine_top:u_ga_core|fitness~55                                           ; Stuck at GND due to stuck port data_in                  ;
; ga_engine_top:u_ga_core|fitness~87                                           ; Stuck at GND due to stuck port data_in                  ;
; ga_engine_top:u_ga_core|fitness~119                                          ; Stuck at GND due to stuck port data_in                  ;
; ga_engine_top:u_ga_core|fitness~151                                          ; Stuck at GND due to stuck port data_in                  ;
; ga_engine_top:u_ga_core|fitness~183                                          ; Stuck at GND due to stuck port data_in                  ;
; ga_engine_top:u_ga_core|fitness~215                                          ; Stuck at GND due to stuck port data_in                  ;
; ga_engine_top:u_ga_core|fitness~247                                          ; Stuck at GND due to stuck port data_in                  ;
; ga_engine_top:u_ga_core|fitness~279                                          ; Stuck at GND due to stuck port data_in                  ;
; ga_engine_top:u_ga_core|fitness~311                                          ; Stuck at GND due to stuck port data_in                  ;
; ga_engine_top:u_ga_core|fitness~343                                          ; Stuck at GND due to stuck port data_in                  ;
; ga_engine_top:u_ga_core|fitness~375                                          ; Stuck at GND due to stuck port data_in                  ;
; ga_engine_top:u_ga_core|fitness~407                                          ; Stuck at GND due to stuck port data_in                  ;
; ga_engine_top:u_ga_core|fitness~439                                          ; Stuck at GND due to stuck port data_in                  ;
; ga_engine_top:u_ga_core|fitness~471                                          ; Stuck at GND due to stuck port data_in                  ;
; ga_engine_top:u_ga_core|fitness~503                                          ; Stuck at GND due to stuck port data_in                  ;
; ga_engine_top:u_ga_core|fitness~535                                          ; Stuck at GND due to stuck port data_in                  ;
; ga_engine_top:u_ga_core|fitness~567                                          ; Stuck at GND due to stuck port data_in                  ;
; ga_engine_top:u_ga_core|fitness~599                                          ; Stuck at GND due to stuck port data_in                  ;
; ga_engine_top:u_ga_core|fitness~631                                          ; Stuck at GND due to stuck port data_in                  ;
; ga_engine_top:u_ga_core|fitness~663                                          ; Stuck at GND due to stuck port data_in                  ;
; ga_engine_top:u_ga_core|fitness~695                                          ; Stuck at GND due to stuck port data_in                  ;
; ga_engine_top:u_ga_core|fitness~727                                          ; Stuck at GND due to stuck port data_in                  ;
; ga_engine_top:u_ga_core|fitness~759                                          ; Stuck at GND due to stuck port data_in                  ;
; ga_engine_top:u_ga_core|fitness~791                                          ; Stuck at GND due to stuck port data_in                  ;
; ga_engine_top:u_ga_core|fitness~823                                          ; Stuck at GND due to stuck port data_in                  ;
; ga_engine_top:u_ga_core|fitness~855                                          ; Stuck at GND due to stuck port data_in                  ;
; ga_engine_top:u_ga_core|fitness~887                                          ; Stuck at GND due to stuck port data_in                  ;
; ga_engine_top:u_ga_core|fitness~919                                          ; Stuck at GND due to stuck port data_in                  ;
; ga_engine_top:u_ga_core|fitness~951                                          ; Stuck at GND due to stuck port data_in                  ;
; ga_engine_top:u_ga_core|fitness~983                                          ; Stuck at GND due to stuck port data_in                  ;
; ga_engine_top:u_ga_core|fitness~1015                                         ; Stuck at GND due to stuck port data_in                  ;
; ga_engine_top:u_ga_core|fitness~22                                           ; Stuck at GND due to stuck port data_in                  ;
; ga_engine_top:u_ga_core|fitness~54                                           ; Stuck at GND due to stuck port data_in                  ;
; ga_engine_top:u_ga_core|fitness~86                                           ; Stuck at GND due to stuck port data_in                  ;
; ga_engine_top:u_ga_core|fitness~118                                          ; Stuck at GND due to stuck port data_in                  ;
; ga_engine_top:u_ga_core|fitness~150                                          ; Stuck at GND due to stuck port data_in                  ;
; ga_engine_top:u_ga_core|fitness~182                                          ; Stuck at GND due to stuck port data_in                  ;
; ga_engine_top:u_ga_core|fitness~214                                          ; Stuck at GND due to stuck port data_in                  ;
; ga_engine_top:u_ga_core|fitness~246                                          ; Stuck at GND due to stuck port data_in                  ;
; ga_engine_top:u_ga_core|fitness~278                                          ; Stuck at GND due to stuck port data_in                  ;
; ga_engine_top:u_ga_core|fitness~310                                          ; Stuck at GND due to stuck port data_in                  ;
; ga_engine_top:u_ga_core|fitness~342                                          ; Stuck at GND due to stuck port data_in                  ;
; ga_engine_top:u_ga_core|fitness~374                                          ; Stuck at GND due to stuck port data_in                  ;
; ga_engine_top:u_ga_core|fitness~406                                          ; Stuck at GND due to stuck port data_in                  ;
; ga_engine_top:u_ga_core|fitness~438                                          ; Stuck at GND due to stuck port data_in                  ;
; ga_engine_top:u_ga_core|fitness~470                                          ; Stuck at GND due to stuck port data_in                  ;
; ga_engine_top:u_ga_core|fitness~502                                          ; Stuck at GND due to stuck port data_in                  ;
; ga_engine_top:u_ga_core|fitness~534                                          ; Stuck at GND due to stuck port data_in                  ;
; ga_engine_top:u_ga_core|fitness~566                                          ; Stuck at GND due to stuck port data_in                  ;
; ga_engine_top:u_ga_core|fitness~598                                          ; Stuck at GND due to stuck port data_in                  ;
; ga_engine_top:u_ga_core|fitness~630                                          ; Stuck at GND due to stuck port data_in                  ;
; ga_engine_top:u_ga_core|fitness~662                                          ; Stuck at GND due to stuck port data_in                  ;
; ga_engine_top:u_ga_core|fitness~694                                          ; Stuck at GND due to stuck port data_in                  ;
; ga_engine_top:u_ga_core|fitness~726                                          ; Stuck at GND due to stuck port data_in                  ;
; ga_engine_top:u_ga_core|fitness~758                                          ; Stuck at GND due to stuck port data_in                  ;
; ga_engine_top:u_ga_core|fitness~790                                          ; Stuck at GND due to stuck port data_in                  ;
; ga_engine_top:u_ga_core|fitness~822                                          ; Stuck at GND due to stuck port data_in                  ;
; ga_engine_top:u_ga_core|fitness~854                                          ; Stuck at GND due to stuck port data_in                  ;
; ga_engine_top:u_ga_core|fitness~886                                          ; Stuck at GND due to stuck port data_in                  ;
; ga_engine_top:u_ga_core|fitness~918                                          ; Stuck at GND due to stuck port data_in                  ;
; ga_engine_top:u_ga_core|fitness~950                                          ; Stuck at GND due to stuck port data_in                  ;
; ga_engine_top:u_ga_core|fitness~982                                          ; Stuck at GND due to stuck port data_in                  ;
; ga_engine_top:u_ga_core|fitness~1014                                         ; Stuck at GND due to stuck port data_in                  ;
; ga_engine_top:u_ga_core|fitness~21                                           ; Stuck at GND due to stuck port data_in                  ;
; ga_engine_top:u_ga_core|fitness~53                                           ; Stuck at GND due to stuck port data_in                  ;
; ga_engine_top:u_ga_core|fitness~85                                           ; Stuck at GND due to stuck port data_in                  ;
; ga_engine_top:u_ga_core|fitness~117                                          ; Stuck at GND due to stuck port data_in                  ;
; ga_engine_top:u_ga_core|fitness~149                                          ; Stuck at GND due to stuck port data_in                  ;
; ga_engine_top:u_ga_core|fitness~181                                          ; Stuck at GND due to stuck port data_in                  ;
; ga_engine_top:u_ga_core|fitness~213                                          ; Stuck at GND due to stuck port data_in                  ;
; ga_engine_top:u_ga_core|fitness~245                                          ; Stuck at GND due to stuck port data_in                  ;
; ga_engine_top:u_ga_core|fitness~277                                          ; Stuck at GND due to stuck port data_in                  ;
; ga_engine_top:u_ga_core|fitness~309                                          ; Stuck at GND due to stuck port data_in                  ;
; ga_engine_top:u_ga_core|fitness~341                                          ; Stuck at GND due to stuck port data_in                  ;
; ga_engine_top:u_ga_core|fitness~373                                          ; Stuck at GND due to stuck port data_in                  ;
; ga_engine_top:u_ga_core|fitness~405                                          ; Stuck at GND due to stuck port data_in                  ;
; ga_engine_top:u_ga_core|fitness~437                                          ; Stuck at GND due to stuck port data_in                  ;
; ga_engine_top:u_ga_core|fitness~469                                          ; Stuck at GND due to stuck port data_in                  ;
; ga_engine_top:u_ga_core|fitness~501                                          ; Stuck at GND due to stuck port data_in                  ;
; ga_engine_top:u_ga_core|fitness~533                                          ; Stuck at GND due to stuck port data_in                  ;
; ga_engine_top:u_ga_core|fitness~565                                          ; Stuck at GND due to stuck port data_in                  ;
; ga_engine_top:u_ga_core|fitness~597                                          ; Stuck at GND due to stuck port data_in                  ;
; ga_engine_top:u_ga_core|fitness~629                                          ; Stuck at GND due to stuck port data_in                  ;
; ga_engine_top:u_ga_core|fitness~661                                          ; Stuck at GND due to stuck port data_in                  ;
; ga_engine_top:u_ga_core|fitness~693                                          ; Stuck at GND due to stuck port data_in                  ;
; ga_engine_top:u_ga_core|fitness~725                                          ; Stuck at GND due to stuck port data_in                  ;
; ga_engine_top:u_ga_core|fitness~757                                          ; Stuck at GND due to stuck port data_in                  ;
; ga_engine_top:u_ga_core|fitness~789                                          ; Stuck at GND due to stuck port data_in                  ;
; ga_engine_top:u_ga_core|fitness~821                                          ; Stuck at GND due to stuck port data_in                  ;
; ga_engine_top:u_ga_core|fitness~853                                          ; Stuck at GND due to stuck port data_in                  ;
; ga_engine_top:u_ga_core|fitness~885                                          ; Stuck at GND due to stuck port data_in                  ;
; ga_engine_top:u_ga_core|fitness~917                                          ; Stuck at GND due to stuck port data_in                  ;
; ga_engine_top:u_ga_core|fitness~949                                          ; Stuck at GND due to stuck port data_in                  ;
; ga_engine_top:u_ga_core|fitness~981                                          ; Stuck at GND due to stuck port data_in                  ;
; ga_engine_top:u_ga_core|fitness~1013                                         ; Stuck at GND due to stuck port data_in                  ;
; ga_engine_top:u_ga_core|fitness~20                                           ; Stuck at GND due to stuck port data_in                  ;
; ga_engine_top:u_ga_core|fitness~52                                           ; Stuck at GND due to stuck port data_in                  ;
; ga_engine_top:u_ga_core|fitness~84                                           ; Stuck at GND due to stuck port data_in                  ;
; ga_engine_top:u_ga_core|fitness~116                                          ; Stuck at GND due to stuck port data_in                  ;
; ga_engine_top:u_ga_core|fitness~148                                          ; Stuck at GND due to stuck port data_in                  ;
; ga_engine_top:u_ga_core|fitness~180                                          ; Stuck at GND due to stuck port data_in                  ;
; ga_engine_top:u_ga_core|fitness~212                                          ; Stuck at GND due to stuck port data_in                  ;
; ga_engine_top:u_ga_core|fitness~244                                          ; Stuck at GND due to stuck port data_in                  ;
; ga_engine_top:u_ga_core|fitness~276                                          ; Stuck at GND due to stuck port data_in                  ;
; ga_engine_top:u_ga_core|fitness~308                                          ; Stuck at GND due to stuck port data_in                  ;
; ga_engine_top:u_ga_core|fitness~340                                          ; Stuck at GND due to stuck port data_in                  ;
; ga_engine_top:u_ga_core|fitness~372                                          ; Stuck at GND due to stuck port data_in                  ;
; ga_engine_top:u_ga_core|fitness~404                                          ; Stuck at GND due to stuck port data_in                  ;
; ga_engine_top:u_ga_core|fitness~436                                          ; Stuck at GND due to stuck port data_in                  ;
; ga_engine_top:u_ga_core|fitness~468                                          ; Stuck at GND due to stuck port data_in                  ;
; ga_engine_top:u_ga_core|fitness~500                                          ; Stuck at GND due to stuck port data_in                  ;
; ga_engine_top:u_ga_core|fitness~532                                          ; Stuck at GND due to stuck port data_in                  ;
; ga_engine_top:u_ga_core|fitness~564                                          ; Stuck at GND due to stuck port data_in                  ;
; ga_engine_top:u_ga_core|fitness~596                                          ; Stuck at GND due to stuck port data_in                  ;
; ga_engine_top:u_ga_core|fitness~628                                          ; Stuck at GND due to stuck port data_in                  ;
; ga_engine_top:u_ga_core|fitness~660                                          ; Stuck at GND due to stuck port data_in                  ;
; ga_engine_top:u_ga_core|fitness~692                                          ; Stuck at GND due to stuck port data_in                  ;
; ga_engine_top:u_ga_core|fitness~724                                          ; Stuck at GND due to stuck port data_in                  ;
; ga_engine_top:u_ga_core|fitness~756                                          ; Stuck at GND due to stuck port data_in                  ;
; ga_engine_top:u_ga_core|fitness~788                                          ; Stuck at GND due to stuck port data_in                  ;
; ga_engine_top:u_ga_core|fitness~820                                          ; Stuck at GND due to stuck port data_in                  ;
; ga_engine_top:u_ga_core|fitness~852                                          ; Stuck at GND due to stuck port data_in                  ;
; ga_engine_top:u_ga_core|fitness~884                                          ; Stuck at GND due to stuck port data_in                  ;
; ga_engine_top:u_ga_core|fitness~916                                          ; Stuck at GND due to stuck port data_in                  ;
; ga_engine_top:u_ga_core|fitness~948                                          ; Stuck at GND due to stuck port data_in                  ;
; ga_engine_top:u_ga_core|fitness~980                                          ; Stuck at GND due to stuck port data_in                  ;
; ga_engine_top:u_ga_core|fitness~1012                                         ; Stuck at GND due to stuck port data_in                  ;
; ga_engine_top:u_ga_core|fitness~19                                           ; Stuck at GND due to stuck port data_in                  ;
; ga_engine_top:u_ga_core|fitness~51                                           ; Stuck at GND due to stuck port data_in                  ;
; ga_engine_top:u_ga_core|fitness~83                                           ; Stuck at GND due to stuck port data_in                  ;
; ga_engine_top:u_ga_core|fitness~115                                          ; Stuck at GND due to stuck port data_in                  ;
; ga_engine_top:u_ga_core|fitness~147                                          ; Stuck at GND due to stuck port data_in                  ;
; ga_engine_top:u_ga_core|fitness~179                                          ; Stuck at GND due to stuck port data_in                  ;
; ga_engine_top:u_ga_core|fitness~211                                          ; Stuck at GND due to stuck port data_in                  ;
; ga_engine_top:u_ga_core|fitness~243                                          ; Stuck at GND due to stuck port data_in                  ;
; ga_engine_top:u_ga_core|fitness~275                                          ; Stuck at GND due to stuck port data_in                  ;
; ga_engine_top:u_ga_core|fitness~307                                          ; Stuck at GND due to stuck port data_in                  ;
; ga_engine_top:u_ga_core|fitness~339                                          ; Stuck at GND due to stuck port data_in                  ;
; ga_engine_top:u_ga_core|fitness~371                                          ; Stuck at GND due to stuck port data_in                  ;
; ga_engine_top:u_ga_core|fitness~403                                          ; Stuck at GND due to stuck port data_in                  ;
; ga_engine_top:u_ga_core|fitness~435                                          ; Stuck at GND due to stuck port data_in                  ;
; ga_engine_top:u_ga_core|fitness~467                                          ; Stuck at GND due to stuck port data_in                  ;
; ga_engine_top:u_ga_core|fitness~499                                          ; Stuck at GND due to stuck port data_in                  ;
; ga_engine_top:u_ga_core|fitness~531                                          ; Stuck at GND due to stuck port data_in                  ;
; ga_engine_top:u_ga_core|fitness~563                                          ; Stuck at GND due to stuck port data_in                  ;
; ga_engine_top:u_ga_core|fitness~595                                          ; Stuck at GND due to stuck port data_in                  ;
; ga_engine_top:u_ga_core|fitness~627                                          ; Stuck at GND due to stuck port data_in                  ;
; ga_engine_top:u_ga_core|fitness~659                                          ; Stuck at GND due to stuck port data_in                  ;
; ga_engine_top:u_ga_core|fitness~691                                          ; Stuck at GND due to stuck port data_in                  ;
; ga_engine_top:u_ga_core|fitness~723                                          ; Stuck at GND due to stuck port data_in                  ;
; ga_engine_top:u_ga_core|fitness~755                                          ; Stuck at GND due to stuck port data_in                  ;
; ga_engine_top:u_ga_core|fitness~787                                          ; Stuck at GND due to stuck port data_in                  ;
; ga_engine_top:u_ga_core|fitness~819                                          ; Stuck at GND due to stuck port data_in                  ;
; ga_engine_top:u_ga_core|fitness~851                                          ; Stuck at GND due to stuck port data_in                  ;
; ga_engine_top:u_ga_core|fitness~883                                          ; Stuck at GND due to stuck port data_in                  ;
; ga_engine_top:u_ga_core|fitness~915                                          ; Stuck at GND due to stuck port data_in                  ;
; ga_engine_top:u_ga_core|fitness~947                                          ; Stuck at GND due to stuck port data_in                  ;
; ga_engine_top:u_ga_core|fitness~979                                          ; Stuck at GND due to stuck port data_in                  ;
; ga_engine_top:u_ga_core|fitness~1011                                         ; Stuck at GND due to stuck port data_in                  ;
; ga_engine_top:u_ga_core|fitness~18                                           ; Stuck at GND due to stuck port data_in                  ;
; ga_engine_top:u_ga_core|fitness~50                                           ; Stuck at GND due to stuck port data_in                  ;
; ga_engine_top:u_ga_core|fitness~82                                           ; Stuck at GND due to stuck port data_in                  ;
; ga_engine_top:u_ga_core|fitness~114                                          ; Stuck at GND due to stuck port data_in                  ;
; ga_engine_top:u_ga_core|fitness~146                                          ; Stuck at GND due to stuck port data_in                  ;
; ga_engine_top:u_ga_core|fitness~178                                          ; Stuck at GND due to stuck port data_in                  ;
; ga_engine_top:u_ga_core|fitness~210                                          ; Stuck at GND due to stuck port data_in                  ;
; ga_engine_top:u_ga_core|fitness~242                                          ; Stuck at GND due to stuck port data_in                  ;
; ga_engine_top:u_ga_core|fitness~274                                          ; Stuck at GND due to stuck port data_in                  ;
; ga_engine_top:u_ga_core|fitness~306                                          ; Stuck at GND due to stuck port data_in                  ;
; ga_engine_top:u_ga_core|fitness~338                                          ; Stuck at GND due to stuck port data_in                  ;
; ga_engine_top:u_ga_core|fitness~370                                          ; Stuck at GND due to stuck port data_in                  ;
; ga_engine_top:u_ga_core|fitness~402                                          ; Stuck at GND due to stuck port data_in                  ;
; ga_engine_top:u_ga_core|fitness~434                                          ; Stuck at GND due to stuck port data_in                  ;
; ga_engine_top:u_ga_core|fitness~466                                          ; Stuck at GND due to stuck port data_in                  ;
; ga_engine_top:u_ga_core|fitness~498                                          ; Stuck at GND due to stuck port data_in                  ;
; ga_engine_top:u_ga_core|fitness~530                                          ; Stuck at GND due to stuck port data_in                  ;
; ga_engine_top:u_ga_core|fitness~562                                          ; Stuck at GND due to stuck port data_in                  ;
; ga_engine_top:u_ga_core|fitness~594                                          ; Stuck at GND due to stuck port data_in                  ;
; ga_engine_top:u_ga_core|fitness~626                                          ; Stuck at GND due to stuck port data_in                  ;
; ga_engine_top:u_ga_core|fitness~658                                          ; Stuck at GND due to stuck port data_in                  ;
; ga_engine_top:u_ga_core|fitness~690                                          ; Stuck at GND due to stuck port data_in                  ;
; ga_engine_top:u_ga_core|fitness~722                                          ; Stuck at GND due to stuck port data_in                  ;
; ga_engine_top:u_ga_core|fitness~754                                          ; Stuck at GND due to stuck port data_in                  ;
; ga_engine_top:u_ga_core|fitness~786                                          ; Stuck at GND due to stuck port data_in                  ;
; ga_engine_top:u_ga_core|fitness~818                                          ; Stuck at GND due to stuck port data_in                  ;
; ga_engine_top:u_ga_core|fitness~850                                          ; Stuck at GND due to stuck port data_in                  ;
; ga_engine_top:u_ga_core|fitness~882                                          ; Stuck at GND due to stuck port data_in                  ;
; ga_engine_top:u_ga_core|fitness~914                                          ; Stuck at GND due to stuck port data_in                  ;
; ga_engine_top:u_ga_core|fitness~946                                          ; Stuck at GND due to stuck port data_in                  ;
; ga_engine_top:u_ga_core|fitness~978                                          ; Stuck at GND due to stuck port data_in                  ;
; ga_engine_top:u_ga_core|fitness~1010                                         ; Stuck at GND due to stuck port data_in                  ;
; ga_engine_top:u_ga_core|fitness~17                                           ; Stuck at GND due to stuck port data_in                  ;
; ga_engine_top:u_ga_core|fitness~49                                           ; Stuck at GND due to stuck port data_in                  ;
; ga_engine_top:u_ga_core|fitness~81                                           ; Stuck at GND due to stuck port data_in                  ;
; ga_engine_top:u_ga_core|fitness~113                                          ; Stuck at GND due to stuck port data_in                  ;
; ga_engine_top:u_ga_core|fitness~145                                          ; Stuck at GND due to stuck port data_in                  ;
; ga_engine_top:u_ga_core|fitness~177                                          ; Stuck at GND due to stuck port data_in                  ;
; ga_engine_top:u_ga_core|fitness~209                                          ; Stuck at GND due to stuck port data_in                  ;
; ga_engine_top:u_ga_core|fitness~241                                          ; Stuck at GND due to stuck port data_in                  ;
; ga_engine_top:u_ga_core|fitness~273                                          ; Stuck at GND due to stuck port data_in                  ;
; ga_engine_top:u_ga_core|fitness~305                                          ; Stuck at GND due to stuck port data_in                  ;
; ga_engine_top:u_ga_core|fitness~337                                          ; Stuck at GND due to stuck port data_in                  ;
; ga_engine_top:u_ga_core|fitness~369                                          ; Stuck at GND due to stuck port data_in                  ;
; ga_engine_top:u_ga_core|fitness~401                                          ; Stuck at GND due to stuck port data_in                  ;
; ga_engine_top:u_ga_core|fitness~433                                          ; Stuck at GND due to stuck port data_in                  ;
; ga_engine_top:u_ga_core|fitness~465                                          ; Stuck at GND due to stuck port data_in                  ;
; ga_engine_top:u_ga_core|fitness~497                                          ; Stuck at GND due to stuck port data_in                  ;
; ga_engine_top:u_ga_core|fitness~529                                          ; Stuck at GND due to stuck port data_in                  ;
; ga_engine_top:u_ga_core|fitness~561                                          ; Stuck at GND due to stuck port data_in                  ;
; ga_engine_top:u_ga_core|fitness~593                                          ; Stuck at GND due to stuck port data_in                  ;
; ga_engine_top:u_ga_core|fitness~625                                          ; Stuck at GND due to stuck port data_in                  ;
; ga_engine_top:u_ga_core|fitness~657                                          ; Stuck at GND due to stuck port data_in                  ;
; ga_engine_top:u_ga_core|fitness~689                                          ; Stuck at GND due to stuck port data_in                  ;
; ga_engine_top:u_ga_core|fitness~721                                          ; Stuck at GND due to stuck port data_in                  ;
; ga_engine_top:u_ga_core|fitness~753                                          ; Stuck at GND due to stuck port data_in                  ;
; ga_engine_top:u_ga_core|fitness~785                                          ; Stuck at GND due to stuck port data_in                  ;
; ga_engine_top:u_ga_core|fitness~817                                          ; Stuck at GND due to stuck port data_in                  ;
; ga_engine_top:u_ga_core|fitness~849                                          ; Stuck at GND due to stuck port data_in                  ;
; ga_engine_top:u_ga_core|fitness~881                                          ; Stuck at GND due to stuck port data_in                  ;
; ga_engine_top:u_ga_core|fitness~913                                          ; Stuck at GND due to stuck port data_in                  ;
; ga_engine_top:u_ga_core|fitness~945                                          ; Stuck at GND due to stuck port data_in                  ;
; ga_engine_top:u_ga_core|fitness~977                                          ; Stuck at GND due to stuck port data_in                  ;
; ga_engine_top:u_ga_core|fitness~1009                                         ; Stuck at GND due to stuck port data_in                  ;
; ga_engine_top:u_ga_core|fitness~16                                           ; Stuck at GND due to stuck port data_in                  ;
; ga_engine_top:u_ga_core|fitness~48                                           ; Stuck at GND due to stuck port data_in                  ;
; ga_engine_top:u_ga_core|fitness~80                                           ; Stuck at GND due to stuck port data_in                  ;
; ga_engine_top:u_ga_core|fitness~112                                          ; Stuck at GND due to stuck port data_in                  ;
; ga_engine_top:u_ga_core|fitness~144                                          ; Stuck at GND due to stuck port data_in                  ;
; ga_engine_top:u_ga_core|fitness~176                                          ; Stuck at GND due to stuck port data_in                  ;
; ga_engine_top:u_ga_core|fitness~208                                          ; Stuck at GND due to stuck port data_in                  ;
; ga_engine_top:u_ga_core|fitness~240                                          ; Stuck at GND due to stuck port data_in                  ;
; ga_engine_top:u_ga_core|fitness~272                                          ; Stuck at GND due to stuck port data_in                  ;
; ga_engine_top:u_ga_core|fitness~304                                          ; Stuck at GND due to stuck port data_in                  ;
; ga_engine_top:u_ga_core|fitness~336                                          ; Stuck at GND due to stuck port data_in                  ;
; ga_engine_top:u_ga_core|fitness~368                                          ; Stuck at GND due to stuck port data_in                  ;
; ga_engine_top:u_ga_core|fitness~400                                          ; Stuck at GND due to stuck port data_in                  ;
; ga_engine_top:u_ga_core|fitness~432                                          ; Stuck at GND due to stuck port data_in                  ;
; ga_engine_top:u_ga_core|fitness~464                                          ; Stuck at GND due to stuck port data_in                  ;
; ga_engine_top:u_ga_core|fitness~496                                          ; Stuck at GND due to stuck port data_in                  ;
; ga_engine_top:u_ga_core|fitness~528                                          ; Stuck at GND due to stuck port data_in                  ;
; ga_engine_top:u_ga_core|fitness~560                                          ; Stuck at GND due to stuck port data_in                  ;
; ga_engine_top:u_ga_core|fitness~592                                          ; Stuck at GND due to stuck port data_in                  ;
; ga_engine_top:u_ga_core|fitness~624                                          ; Stuck at GND due to stuck port data_in                  ;
; ga_engine_top:u_ga_core|fitness~656                                          ; Stuck at GND due to stuck port data_in                  ;
; ga_engine_top:u_ga_core|fitness~688                                          ; Stuck at GND due to stuck port data_in                  ;
; ga_engine_top:u_ga_core|fitness~720                                          ; Stuck at GND due to stuck port data_in                  ;
; ga_engine_top:u_ga_core|fitness~752                                          ; Stuck at GND due to stuck port data_in                  ;
; ga_engine_top:u_ga_core|fitness~784                                          ; Stuck at GND due to stuck port data_in                  ;
; ga_engine_top:u_ga_core|fitness~816                                          ; Stuck at GND due to stuck port data_in                  ;
; ga_engine_top:u_ga_core|fitness~848                                          ; Stuck at GND due to stuck port data_in                  ;
; ga_engine_top:u_ga_core|fitness~880                                          ; Stuck at GND due to stuck port data_in                  ;
; ga_engine_top:u_ga_core|fitness~912                                          ; Stuck at GND due to stuck port data_in                  ;
; ga_engine_top:u_ga_core|fitness~944                                          ; Stuck at GND due to stuck port data_in                  ;
; ga_engine_top:u_ga_core|fitness~976                                          ; Stuck at GND due to stuck port data_in                  ;
; ga_engine_top:u_ga_core|fitness~1008                                         ; Stuck at GND due to stuck port data_in                  ;
; Total Number of Removed Registers = 683                                      ;                                                         ;
+------------------------------------------------------------------------------+---------------------------------------------------------+


+-----------------------------------------------------------------------------------------------------------------------------------------------------------------------+
; Removed Registers Triggering Further Register Optimizations                                                                                                           ;
+----------------------------------------------------------------+---------------------------+--------------------------------------------------------------------------+
; Register name                                                  ; Reason for Removal        ; Registers Removed due to This Register                                   ;
+----------------------------------------------------------------+---------------------------+--------------------------------------------------------------------------+
; ga_engine_top:u_ga_core|cand_a[7]                              ; Stuck at GND              ; ga_engine_top:u_ga_core|p1_idx[7], ga_engine_top:u_ga_core|p2_idx[7]     ;
;                                                                ; due to stuck port data_in ;                                                                          ;
; ga_engine_top:u_ga_core|cand_a[6]                              ; Stuck at GND              ; ga_engine_top:u_ga_core|p1_idx[6], ga_engine_top:u_ga_core|p2_idx[6]     ;
;                                                                ; due to stuck port data_in ;                                                                          ;
; ga_engine_top:u_ga_core|cand_a[5]                              ; Stuck at GND              ; ga_engine_top:u_ga_core|p1_idx[5], ga_engine_top:u_ga_core|p2_idx[5]     ;
;                                                                ; due to stuck port data_in ;                                                                          ;
; ga_engine_top:u_ga_core|point_seg_dist:u_psd|div_divisor_r[63] ; Stuck at GND              ; ga_engine_top:u_ga_core|point_seg_dist:u_psd|div_seq:u_div|divisor_r[63] ;
;                                                                ; due to stuck port data_in ;                                                                          ;
; ga_engine_top:u_ga_core|point_seg_dist:u_psd|div_divisor_r[62] ; Stuck at GND              ; ga_engine_top:u_ga_core|point_seg_dist:u_psd|div_seq:u_div|divisor_r[62] ;
;                                                                ; due to stuck port data_in ;                                                                          ;
; ga_engine_top:u_ga_core|point_seg_dist:u_psd|div_divisor_r[61] ; Stuck at GND              ; ga_engine_top:u_ga_core|point_seg_dist:u_psd|div_seq:u_div|divisor_r[61] ;
;                                                                ; due to stuck port data_in ;                                                                          ;
; ga_engine_top:u_ga_core|point_seg_dist:u_psd|div_divisor_r[60] ; Stuck at GND              ; ga_engine_top:u_ga_core|point_seg_dist:u_psd|div_seq:u_div|divisor_r[60] ;
;                                                                ; due to stuck port data_in ;                                                                          ;
; ga_engine_top:u_ga_core|point_seg_dist:u_psd|div_divisor_r[59] ; Stuck at GND              ; ga_engine_top:u_ga_core|point_seg_dist:u_psd|div_seq:u_div|divisor_r[59] ;
;                                                                ; due to stuck port data_in ;                                                                          ;
; ga_engine_top:u_ga_core|point_seg_dist:u_psd|div_divisor_r[58] ; Stuck at GND              ; ga_engine_top:u_ga_core|point_seg_dist:u_psd|div_seq:u_div|divisor_r[58] ;
;                                                                ; due to stuck port data_in ;                                                                          ;
; ga_engine_top:u_ga_core|point_seg_dist:u_psd|div_divisor_r[57] ; Stuck at GND              ; ga_engine_top:u_ga_core|point_seg_dist:u_psd|div_seq:u_div|divisor_r[57] ;
;                                                                ; due to stuck port data_in ;                                                                          ;
; ga_engine_top:u_ga_core|point_seg_dist:u_psd|div_divisor_r[56] ; Stuck at GND              ; ga_engine_top:u_ga_core|point_seg_dist:u_psd|div_seq:u_div|divisor_r[56] ;
;                                                                ; due to stuck port data_in ;                                                                          ;
; ga_engine_top:u_ga_core|point_seg_dist:u_psd|div_divisor_r[55] ; Stuck at GND              ; ga_engine_top:u_ga_core|point_seg_dist:u_psd|div_seq:u_div|divisor_r[55] ;
;                                                                ; due to stuck port data_in ;                                                                          ;
; ga_engine_top:u_ga_core|point_seg_dist:u_psd|div_divisor_r[54] ; Stuck at GND              ; ga_engine_top:u_ga_core|point_seg_dist:u_psd|div_seq:u_div|divisor_r[54] ;
;                                                                ; due to stuck port data_in ;                                                                          ;
; ga_engine_top:u_ga_core|point_seg_dist:u_psd|div_divisor_r[53] ; Stuck at GND              ; ga_engine_top:u_ga_core|point_seg_dist:u_psd|div_seq:u_div|divisor_r[53] ;
;                                                                ; due to stuck port data_in ;                                                                          ;
; ga_engine_top:u_ga_core|point_seg_dist:u_psd|div_divisor_r[52] ; Stuck at GND              ; ga_engine_top:u_ga_core|point_seg_dist:u_psd|div_seq:u_div|divisor_r[52] ;
;                                                                ; due to stuck port data_in ;                                                                          ;
; ga_engine_top:u_ga_core|point_seg_dist:u_psd|div_divisor_r[51] ; Stuck at GND              ; ga_engine_top:u_ga_core|point_seg_dist:u_psd|div_seq:u_div|divisor_r[51] ;
;                                                                ; due to stuck port data_in ;                                                                          ;
; ga_engine_top:u_ga_core|point_seg_dist:u_psd|div_divisor_r[50] ; Stuck at GND              ; ga_engine_top:u_ga_core|point_seg_dist:u_psd|div_seq:u_div|divisor_r[50] ;
;                                                                ; due to stuck port data_in ;                                                                          ;
; ga_engine_top:u_ga_core|point_seg_dist:u_psd|div_divisor_r[49] ; Stuck at GND              ; ga_engine_top:u_ga_core|point_seg_dist:u_psd|div_seq:u_div|divisor_r[49] ;
;                                                                ; due to stuck port data_in ;                                                                          ;
; ga_engine_top:u_ga_core|point_seg_dist:u_psd|div_divisor_r[48] ; Stuck at GND              ; ga_engine_top:u_ga_core|point_seg_dist:u_psd|div_seq:u_div|divisor_r[48] ;
;                                                                ; due to stuck port data_in ;                                                                          ;
; ga_engine_top:u_ga_core|point_seg_dist:u_psd|div_divisor_r[47] ; Stuck at GND              ; ga_engine_top:u_ga_core|point_seg_dist:u_psd|div_seq:u_div|divisor_r[47] ;
;                                                                ; due to stuck port data_in ;                                                                          ;
; ga_engine_top:u_ga_core|point_seg_dist:u_psd|div_divisor_r[46] ; Stuck at GND              ; ga_engine_top:u_ga_core|point_seg_dist:u_psd|div_seq:u_div|divisor_r[46] ;
;                                                                ; due to stuck port data_in ;                                                                          ;
; ga_engine_top:u_ga_core|point_seg_dist:u_psd|div_divisor_r[45] ; Stuck at GND              ; ga_engine_top:u_ga_core|point_seg_dist:u_psd|div_seq:u_div|divisor_r[45] ;
;                                                                ; due to stuck port data_in ;                                                                          ;
; ga_engine_top:u_ga_core|point_seg_dist:u_psd|div_divisor_r[44] ; Stuck at GND              ; ga_engine_top:u_ga_core|point_seg_dist:u_psd|div_seq:u_div|divisor_r[44] ;
;                                                                ; due to stuck port data_in ;                                                                          ;
; ga_engine_top:u_ga_core|point_seg_dist:u_psd|div_divisor_r[43] ; Stuck at GND              ; ga_engine_top:u_ga_core|point_seg_dist:u_psd|div_seq:u_div|divisor_r[43] ;
;                                                                ; due to stuck port data_in ;                                                                          ;
; ga_engine_top:u_ga_core|point_seg_dist:u_psd|div_divisor_r[42] ; Stuck at GND              ; ga_engine_top:u_ga_core|point_seg_dist:u_psd|div_seq:u_div|divisor_r[42] ;
;                                                                ; due to stuck port data_in ;                                                                          ;
; ga_engine_top:u_ga_core|point_seg_dist:u_psd|div_divisor_r[41] ; Stuck at GND              ; ga_engine_top:u_ga_core|point_seg_dist:u_psd|div_seq:u_div|divisor_r[41] ;
;                                                                ; due to stuck port data_in ;                                                                          ;
; ga_engine_top:u_ga_core|point_seg_dist:u_psd|div_divisor_r[40] ; Stuck at GND              ; ga_engine_top:u_ga_core|point_seg_dist:u_psd|div_seq:u_div|divisor_r[40] ;
;                                                                ; due to stuck port data_in ;                                                                          ;
; ga_engine_top:u_ga_core|point_seg_dist:u_psd|div_divisor_r[39] ; Stuck at GND              ; ga_engine_top:u_ga_core|point_seg_dist:u_psd|div_seq:u_div|divisor_r[39] ;
;                                                                ; due to stuck port data_in ;                                                                          ;
; ga_engine_top:u_ga_core|point_seg_dist:u_psd|div_divisor_r[38] ; Stuck at GND              ; ga_engine_top:u_ga_core|point_seg_dist:u_psd|div_seq:u_div|divisor_r[38] ;
;                                                                ; due to stuck port data_in ;                                                                          ;
; ga_engine_top:u_ga_core|point_seg_dist:u_psd|div_divisor_r[37] ; Stuck at GND              ; ga_engine_top:u_ga_core|point_seg_dist:u_psd|div_seq:u_div|divisor_r[37] ;
;                                                                ; due to stuck port data_in ;                                                                          ;
; ga_engine_top:u_ga_core|point_seg_dist:u_psd|div_divisor_r[36] ; Stuck at GND              ; ga_engine_top:u_ga_core|point_seg_dist:u_psd|div_seq:u_div|divisor_r[36] ;
;                                                                ; due to stuck port data_in ;                                                                          ;
; ga_engine_top:u_ga_core|point_seg_dist:u_psd|div_divisor_r[35] ; Stuck at GND              ; ga_engine_top:u_ga_core|point_seg_dist:u_psd|div_seq:u_div|divisor_r[35] ;
;                                                                ; due to stuck port data_in ;                                                                          ;
; ga_engine_top:u_ga_core|point_seg_dist:u_psd|div_divisor_r[34] ; Stuck at GND              ; ga_engine_top:u_ga_core|point_seg_dist:u_psd|div_seq:u_div|divisor_r[34] ;
;                                                                ; due to stuck port data_in ;                                                                          ;
; ga_engine_top:u_ga_core|point_seg_dist:u_psd|div_divisor_r[33] ; Stuck at GND              ; ga_engine_top:u_ga_core|point_seg_dist:u_psd|div_seq:u_div|divisor_r[33] ;
;                                                                ; due to stuck port data_in ;                                                                          ;
; ga_engine_top:u_ga_core|point_seg_dist:u_psd|div_divisor_r[32] ; Stuck at GND              ; ga_engine_top:u_ga_core|point_seg_dist:u_psd|div_seq:u_div|divisor_r[32] ;
;                                                                ; due to stuck port data_in ;                                                                          ;
+----------------------------------------------------------------+---------------------------+--------------------------------------------------------------------------+


+------------------------------------------------------+
; General Register Statistics                          ;
+----------------------------------------------+-------+
; Statistic                                    ; Value ;
+----------------------------------------------+-------+
; Total registers                              ; 18873 ;
; Number of registers using Synchronous Clear  ; 209   ;
; Number of registers using Synchronous Load   ; 809   ;
; Number of registers using Asynchronous Clear ; 519   ;
; Number of registers using Asynchronous Load  ; 0     ;
; Number of registers using Clock Enable       ; 18745 ;
; Number of registers using Preset             ; 0     ;
+----------------------------------------------+-------+


+-------------------------------------------------------+
; Inverted Register Statistics                          ;
+---------------------------------------------+---------+
; Inverted Register                           ; Fan out ;
+---------------------------------------------+---------+
; ga_engine_top:u_ga_core|best_fitness[0]     ; 8       ;
; ga_engine_top:u_ga_core|best_fitness[1]     ; 8       ;
; ga_engine_top:u_ga_core|best_fitness[2]     ; 8       ;
; ga_engine_top:u_ga_core|best_fitness[3]     ; 8       ;
; ga_engine_top:u_ga_core|best_fitness[4]     ; 8       ;
; ga_engine_top:u_ga_core|best_fitness[5]     ; 8       ;
; ga_engine_top:u_ga_core|best_fitness[6]     ; 8       ;
; ga_engine_top:u_ga_core|best_fitness[7]     ; 8       ;
; ga_engine_top:u_ga_core|best_fitness[8]     ; 8       ;
; ga_engine_top:u_ga_core|best_fitness[9]     ; 8       ;
; ga_engine_top:u_ga_core|best_fitness[10]    ; 8       ;
; ga_engine_top:u_ga_core|best_fitness[11]    ; 8       ;
; ga_engine_top:u_ga_core|best_fitness[12]    ; 8       ;
; ga_engine_top:u_ga_core|best_fitness[13]    ; 8       ;
; ga_engine_top:u_ga_core|best_fitness[14]    ; 8       ;
; ga_engine_top:u_ga_core|best_fitness[15]    ; 8       ;
; ga_engine_top:u_ga_core|best_fitness[16]    ; 10      ;
; ga_engine_top:u_ga_core|best_fitness[24]    ; 1       ;
; ga_engine_top:u_ga_core|best_fitness[25]    ; 1       ;
; ga_engine_top:u_ga_core|best_fitness[26]    ; 1       ;
; ga_engine_top:u_ga_core|best_fitness[27]    ; 1       ;
; ga_engine_top:u_ga_core|best_fitness[28]    ; 1       ;
; ga_engine_top:u_ga_core|best_fitness[29]    ; 1       ;
; ga_engine_top:u_ga_core|best_fitness[30]    ; 1       ;
; ga_engine_top:u_ga_core|best_fitness[31]    ; 1       ;
; ga_engine_top:u_ga_core|min_fitness[0]      ; 2       ;
; ga_engine_top:u_ga_core|min_fitness[1]      ; 2       ;
; ga_engine_top:u_ga_core|min_fitness[2]      ; 2       ;
; ga_engine_top:u_ga_core|min_fitness[3]      ; 2       ;
; ga_engine_top:u_ga_core|min_fitness[4]      ; 2       ;
; ga_engine_top:u_ga_core|min_fitness[5]      ; 2       ;
; ga_engine_top:u_ga_core|min_fitness[6]      ; 2       ;
; ga_engine_top:u_ga_core|min_fitness[7]      ; 2       ;
; ga_engine_top:u_ga_core|min_fitness[8]      ; 2       ;
; ga_engine_top:u_ga_core|min_fitness[9]      ; 2       ;
; ga_engine_top:u_ga_core|min_fitness[10]     ; 2       ;
; ga_engine_top:u_ga_core|min_fitness[11]     ; 2       ;
; ga_engine_top:u_ga_core|min_fitness[12]     ; 2       ;
; ga_engine_top:u_ga_core|min_fitness[13]     ; 2       ;
; ga_engine_top:u_ga_core|min_fitness[14]     ; 2       ;
; ga_engine_top:u_ga_core|min_fitness[15]     ; 3       ;
; ga_engine_top:u_ga_core|min_fitness[16]     ; 11      ;
; ga_engine_top:u_ga_core|min_fitness_gen[16] ; 3       ;
; ga_engine_top:u_ga_core|min_fitness_gen[15] ; 2       ;
; ga_engine_top:u_ga_core|min_fitness_gen[14] ; 2       ;
; ga_engine_top:u_ga_core|min_fitness_gen[13] ; 2       ;
; ga_engine_top:u_ga_core|min_fitness_gen[12] ; 2       ;
; ga_engine_top:u_ga_core|min_fitness_gen[11] ; 3       ;
; ga_engine_top:u_ga_core|min_fitness_gen[10] ; 2       ;
; ga_engine_top:u_ga_core|min_fitness_gen[9]  ; 2       ;
; ga_engine_top:u_ga_core|min_fitness_gen[8]  ; 2       ;
; ga_engine_top:u_ga_core|min_fitness_gen[7]  ; 2       ;
; ga_engine_top:u_ga_core|min_fitness_gen[6]  ; 2       ;
; ga_engine_top:u_ga_core|min_fitness_gen[5]  ; 2       ;
; ga_engine_top:u_ga_core|min_fitness_gen[4]  ; 2       ;
; ga_engine_top:u_ga_core|min_fitness_gen[3]  ; 2       ;
; ga_engine_top:u_ga_core|min_fitness_gen[2]  ; 2       ;
; ga_engine_top:u_ga_core|min_fitness_gen[1]  ; 2       ;
; ga_engine_top:u_ga_core|min_fitness_gen[0]  ; 2       ;
; ga_engine_top:u_ga_core|lfsr[13]            ; 5       ;
; ga_engine_top:u_ga_core|lfsr[3]             ; 6       ;
; ga_engine_top:u_ga_core|lfsr[4]             ; 6       ;
; ga_engine_top:u_ga_core|lfsr[10]            ; 5       ;
; ga_engine_top:u_ga_core|lfsr[9]             ; 5       ;
; ga_engine_top:u_ga_core|lfsr[31]            ; 1       ;
; ga_engine_top:u_ga_core|lfsr[21]            ; 3       ;
; ga_engine_top:u_ga_core|lfsr[5]             ; 6       ;
; ga_engine_top:u_ga_core|lfsr[6]             ; 6       ;
; ga_engine_top:u_ga_core|lfsr[29]            ; 1       ;
; ga_engine_top:u_ga_core|lfsr[16]            ; 3       ;
; ga_engine_top:u_ga_core|lfsr[23]            ; 10      ;
; ga_engine_top:u_ga_core|lfsr[22]            ; 2       ;
; ga_engine_top:u_ga_core|lfsr[27]            ; 1       ;
; ga_engine_top:u_ga_core|lfsr[26]            ; 1       ;
; Total number of inverted registers = 74     ;         ;
+---------------------------------------------+---------+


+------------------------------------------------------------------------------------------+
; Registers Added for RAM Pass-Through Logic                                               ;
+--------------------------------------------------+---------------------------------------+
; Register Name                                    ; RAM Name                              ;
+--------------------------------------------------+---------------------------------------+
; ga_engine_top:u_ga_core|fitness_rtl_0_bypass[0]  ; ga_engine_top:u_ga_core|fitness_rtl_0 ;
; ga_engine_top:u_ga_core|fitness_rtl_0_bypass[1]  ; ga_engine_top:u_ga_core|fitness_rtl_0 ;
; ga_engine_top:u_ga_core|fitness_rtl_0_bypass[2]  ; ga_engine_top:u_ga_core|fitness_rtl_0 ;
; ga_engine_top:u_ga_core|fitness_rtl_0_bypass[3]  ; ga_engine_top:u_ga_core|fitness_rtl_0 ;
; ga_engine_top:u_ga_core|fitness_rtl_0_bypass[4]  ; ga_engine_top:u_ga_core|fitness_rtl_0 ;
; ga_engine_top:u_ga_core|fitness_rtl_0_bypass[5]  ; ga_engine_top:u_ga_core|fitness_rtl_0 ;
; ga_engine_top:u_ga_core|fitness_rtl_0_bypass[6]  ; ga_engine_top:u_ga_core|fitness_rtl_0 ;
; ga_engine_top:u_ga_core|fitness_rtl_0_bypass[7]  ; ga_engine_top:u_ga_core|fitness_rtl_0 ;
; ga_engine_top:u_ga_core|fitness_rtl_0_bypass[8]  ; ga_engine_top:u_ga_core|fitness_rtl_0 ;
; ga_engine_top:u_ga_core|fitness_rtl_0_bypass[9]  ; ga_engine_top:u_ga_core|fitness_rtl_0 ;
; ga_engine_top:u_ga_core|fitness_rtl_0_bypass[10] ; ga_engine_top:u_ga_core|fitness_rtl_0 ;
; ga_engine_top:u_ga_core|fitness_rtl_0_bypass[11] ; ga_engine_top:u_ga_core|fitness_rtl_0 ;
; ga_engine_top:u_ga_core|fitness_rtl_0_bypass[12] ; ga_engine_top:u_ga_core|fitness_rtl_0 ;
; ga_engine_top:u_ga_core|fitness_rtl_0_bypass[13] ; ga_engine_top:u_ga_core|fitness_rtl_0 ;
; ga_engine_top:u_ga_core|fitness_rtl_0_bypass[14] ; ga_engine_top:u_ga_core|fitness_rtl_0 ;
; ga_engine_top:u_ga_core|fitness_rtl_0_bypass[15] ; ga_engine_top:u_ga_core|fitness_rtl_0 ;
; ga_engine_top:u_ga_core|fitness_rtl_0_bypass[16] ; ga_engine_top:u_ga_core|fitness_rtl_0 ;
; ga_engine_top:u_ga_core|fitness_rtl_0_bypass[17] ; ga_engine_top:u_ga_core|fitness_rtl_0 ;
; ga_engine_top:u_ga_core|fitness_rtl_0_bypass[18] ; ga_engine_top:u_ga_core|fitness_rtl_0 ;
; ga_engine_top:u_ga_core|fitness_rtl_0_bypass[19] ; ga_engine_top:u_ga_core|fitness_rtl_0 ;
; ga_engine_top:u_ga_core|fitness_rtl_0_bypass[20] ; ga_engine_top:u_ga_core|fitness_rtl_0 ;
; ga_engine_top:u_ga_core|fitness_rtl_0_bypass[21] ; ga_engine_top:u_ga_core|fitness_rtl_0 ;
; ga_engine_top:u_ga_core|fitness_rtl_0_bypass[22] ; ga_engine_top:u_ga_core|fitness_rtl_0 ;
; ga_engine_top:u_ga_core|fitness_rtl_0_bypass[23] ; ga_engine_top:u_ga_core|fitness_rtl_0 ;
; ga_engine_top:u_ga_core|fitness_rtl_0_bypass[24] ; ga_engine_top:u_ga_core|fitness_rtl_0 ;
; ga_engine_top:u_ga_core|fitness_rtl_0_bypass[25] ; ga_engine_top:u_ga_core|fitness_rtl_0 ;
; ga_engine_top:u_ga_core|fitness_rtl_0_bypass[26] ; ga_engine_top:u_ga_core|fitness_rtl_0 ;
; ga_engine_top:u_ga_core|fitness_rtl_0_bypass[27] ; ga_engine_top:u_ga_core|fitness_rtl_0 ;
; ga_engine_top:u_ga_core|fitness_rtl_0_bypass[28] ; ga_engine_top:u_ga_core|fitness_rtl_0 ;
; ga_engine_top:u_ga_core|fitness_rtl_0_bypass[29] ; ga_engine_top:u_ga_core|fitness_rtl_0 ;
; ga_engine_top:u_ga_core|fitness_rtl_0_bypass[30] ; ga_engine_top:u_ga_core|fitness_rtl_0 ;
; ga_engine_top:u_ga_core|fitness_rtl_0_bypass[31] ; ga_engine_top:u_ga_core|fitness_rtl_0 ;
; ga_engine_top:u_ga_core|fitness_rtl_0_bypass[32] ; ga_engine_top:u_ga_core|fitness_rtl_0 ;
; ga_engine_top:u_ga_core|fitness_rtl_0_bypass[33] ; ga_engine_top:u_ga_core|fitness_rtl_0 ;
; ga_engine_top:u_ga_core|fitness_rtl_0_bypass[34] ; ga_engine_top:u_ga_core|fitness_rtl_0 ;
; ga_engine_top:u_ga_core|fitness_rtl_0_bypass[35] ; ga_engine_top:u_ga_core|fitness_rtl_0 ;
; ga_engine_top:u_ga_core|fitness_rtl_0_bypass[36] ; ga_engine_top:u_ga_core|fitness_rtl_0 ;
; ga_engine_top:u_ga_core|fitness_rtl_0_bypass[37] ; ga_engine_top:u_ga_core|fitness_rtl_0 ;
; ga_engine_top:u_ga_core|fitness_rtl_0_bypass[38] ; ga_engine_top:u_ga_core|fitness_rtl_0 ;
; ga_engine_top:u_ga_core|fitness_rtl_0_bypass[39] ; ga_engine_top:u_ga_core|fitness_rtl_0 ;
; ga_engine_top:u_ga_core|fitness_rtl_0_bypass[40] ; ga_engine_top:u_ga_core|fitness_rtl_0 ;
; ga_engine_top:u_ga_core|fitness_rtl_0_bypass[41] ; ga_engine_top:u_ga_core|fitness_rtl_0 ;
; ga_engine_top:u_ga_core|fitness_rtl_0_bypass[42] ; ga_engine_top:u_ga_core|fitness_rtl_0 ;
+--------------------------------------------------+---------------------------------------+


+------------------------------------------------------------------------------------------------------------------------------------------------------------------------------+
; Registers Packed Into Inferred Megafunctions                                                                                                                                 ;
+--------------------------------------------------------------------------------------+--------------------------------------------------------------------------------+------+
; Register Name                                                                        ; Megafunction                                                                   ; Type ;
+--------------------------------------------------------------------------------------+--------------------------------------------------------------------------------+------+
; ga_engine_top:u_ga_core|trajectory_bank:u_traj|trajectory_rom:rom_z3|data_out[0..15] ; ga_engine_top:u_ga_core|trajectory_bank:u_traj|trajectory_rom:rom_z3|mem_rtl_0 ; RAM  ;
; ga_engine_top:u_ga_core|trajectory_bank:u_traj|trajectory_rom:rom_y3|data_out[0..15] ; ga_engine_top:u_ga_core|trajectory_bank:u_traj|trajectory_rom:rom_y3|mem_rtl_0 ; RAM  ;
; ga_engine_top:u_ga_core|trajectory_bank:u_traj|trajectory_rom:rom_x3|data_out[0..15] ; ga_engine_top:u_ga_core|trajectory_bank:u_traj|trajectory_rom:rom_x3|mem_rtl_0 ; RAM  ;
; ga_engine_top:u_ga_core|trajectory_bank:u_traj|trajectory_rom:rom_z2|data_out[0..15] ; ga_engine_top:u_ga_core|trajectory_bank:u_traj|trajectory_rom:rom_z2|mem_rtl_0 ; RAM  ;
; ga_engine_top:u_ga_core|trajectory_bank:u_traj|trajectory_rom:rom_y2|data_out[0..15] ; ga_engine_top:u_ga_core|trajectory_bank:u_traj|trajectory_rom:rom_y2|mem_rtl_0 ; RAM  ;
; ga_engine_top:u_ga_core|trajectory_bank:u_traj|trajectory_rom:rom_x2|data_out[0..15] ; ga_engine_top:u_ga_core|trajectory_bank:u_traj|trajectory_rom:rom_x2|mem_rtl_0 ; RAM  ;
; ga_engine_top:u_ga_core|trajectory_bank:u_traj|trajectory_rom:rom_z1|data_out[0..15] ; ga_engine_top:u_ga_core|trajectory_bank:u_traj|trajectory_rom:rom_z1|mem_rtl_0 ; RAM  ;
; ga_engine_top:u_ga_core|trajectory_bank:u_traj|trajectory_rom:rom_y1|data_out[0..15] ; ga_engine_top:u_ga_core|trajectory_bank:u_traj|trajectory_rom:rom_y1|mem_rtl_0 ; RAM  ;
; ga_engine_top:u_ga_core|trajectory_bank:u_traj|trajectory_rom:rom_x1|data_out[0..15] ; ga_engine_top:u_ga_core|trajectory_bank:u_traj|trajectory_rom:rom_x1|mem_rtl_0 ; RAM  ;
; ga_engine_top:u_ga_core|trajectory_bank:u_traj|trajectory_rom:rom_z0|data_out[0..15] ; ga_engine_top:u_ga_core|trajectory_bank:u_traj|trajectory_rom:rom_z0|mem_rtl_0 ; RAM  ;
; ga_engine_top:u_ga_core|trajectory_bank:u_traj|trajectory_rom:rom_y0|data_out[0..15] ; ga_engine_top:u_ga_core|trajectory_bank:u_traj|trajectory_rom:rom_y0|mem_rtl_0 ; RAM  ;
; ga_engine_top:u_ga_core|trajectory_bank:u_traj|trajectory_rom:rom_x0|data_out[0..15] ; ga_engine_top:u_ga_core|trajectory_bank:u_traj|trajectory_rom:rom_x0|mem_rtl_0 ; RAM  ;
+--------------------------------------------------------------------------------------+--------------------------------------------------------------------------------+------+


+--------------------------------------------------------------------------------------------------------------------------------------------------------------------------------------------------------+
; Multiplexer Restructuring Statistics (Restructuring Performed)                                                                                                                                         ;
+--------------------+-----------+---------------+----------------------+------------------------+------------+------------------------------------------------------------------------------------------+
; Multiplexer Inputs ; Bus Width ; Baseline Area ; Area if Restructured ; Saving if Restructured ; Registered ; Example Multiplexer Output                                                               ;
+--------------------+-----------+---------------+----------------------+------------------------+------------+------------------------------------------------------------------------------------------+
; 3:1                ; 32 bits   ; 64 LEs        ; 0 LEs                ; 64 LEs                 ; Yes        ; |ga_top_wrapper|ga_engine_top:u_ga_core|point_seg_dist:u_psd|div_seq:u_div|div_shift[36] ;
; 3:1                ; 32 bits   ; 64 LEs        ; 0 LEs                ; 64 LEs                 ; Yes        ; |ga_top_wrapper|ga_engine_top:u_ga_core|point_seg_dist:u_psd|div_seq:u_div|div_shift[9]  ;
; 3:1                ; 2 bits    ; 4 LEs         ; 2 LEs                ; 2 LEs                  ; Yes        ; |ga_top_wrapper|ga_engine_top:u_ga_core|isqrt32:u_sqrt|q[1]                              ;
; 3:1                ; 30 bits   ; 60 LEs        ; 0 LEs                ; 60 LEs                 ; Yes        ; |ga_top_wrapper|ga_engine_top:u_ga_core|isqrt32:u_sqrt|q[4]                              ;
; 3:1                ; 35 bits   ; 70 LEs        ; 0 LEs                ; 70 LEs                 ; Yes        ; |ga_top_wrapper|ga_engine_top:u_ga_core|isqrt32:u_sqrt|root_temp[13]                     ;
; 3:1                ; 6 bits    ; 12 LEs        ; 6 LEs                ; 6 LEs                  ; Yes        ; |ga_top_wrapper|ga_engine_top:u_ga_core|point_seg_dist:u_psd|div_seq:u_div|count[5]      ;
; 3:1                ; 5 bits    ; 10 LEs        ; 5 LEs                ; 5 LEs                  ; Yes        ; |ga_top_wrapper|ga_engine_top:u_ga_core|cand_a[2]                                        ;
; 4:1                ; 30 bits   ; 60 LEs        ; 0 LEs                ; 60 LEs                 ; Yes        ; |ga_top_wrapper|ga_engine_top:u_ga_core|isqrt32:u_sqrt|rem[11]                           ;
; 4:1                ; 63 bits   ; 126 LEs       ; 0 LEs                ; 126 LEs                ; Yes        ; |ga_top_wrapper|ga_engine_top:u_ga_core|point_seg_dist:u_psd|div_seq:u_div|rem[4]        ;
; 4:1                ; 4 bits    ; 8 LEs         ; 8 LEs                ; 0 LEs                  ; Yes        ; |ga_top_wrapper|ga_engine_top:u_ga_core|traj_addr[7]                                     ;
; 4:1                ; 32 bits   ; 64 LEs        ; 32 LEs               ; 32 LEs                 ; Yes        ; |ga_top_wrapper|ga_engine_top:u_ga_core|scan_min_d2[0]                                   ;
; 5:1                ; 5 bits    ; 15 LEs        ; 10 LEs               ; 5 LEs                  ; Yes        ; |ga_top_wrapper|ga_engine_top:u_ga_core|traj_addr[3]                                     ;
; 5:1                ; 4 bits    ; 12 LEs        ; 4 LEs                ; 8 LEs                  ; Yes        ; |ga_top_wrapper|ga_engine_top:u_ga_core|sort_j[1]                                        ;
; 5:1                ; 16 bits   ; 48 LEs        ; 0 LEs                ; 48 LEs                 ; Yes        ; |ga_top_wrapper|ga_engine_top:u_ga_core|gen_count[5]                                     ;
; 5:1                ; 4 bits    ; 12 LEs        ; 4 LEs                ; 8 LEs                  ; Yes        ; |ga_top_wrapper|ga_engine_top:u_ga_core|pt_k[0]                                          ;
; 5:1                ; 4 bits    ; 12 LEs        ; 4 LEs                ; 8 LEs                  ; Yes        ; |ga_top_wrapper|ga_engine_top:u_ga_core|seg_idx[1]                                       ;
; 5:1                ; 32 bits   ; 96 LEs        ; 32 LEs               ; 64 LEs                 ; Yes        ; |ga_top_wrapper|ga_engine_top:u_ga_core|seg_min_d2[23]                                   ;
; 7:1                ; 17 bits   ; 68 LEs        ; 17 LEs               ; 51 LEs                 ; Yes        ; |ga_top_wrapper|ga_engine_top:u_ga_core|point_seg_dist:u_psd|u_scaled[0]                 ;
; 7:1                ; 57 bits   ; 228 LEs       ; 114 LEs              ; 114 LEs                ; Yes        ; |ga_top_wrapper|ga_engine_top:u_ga_core|ord_x[0][13]                                     ;
; 7:1                ; 57 bits   ; 228 LEs       ; 114 LEs              ; 114 LEs                ; Yes        ; |ga_top_wrapper|ga_engine_top:u_ga_core|ord_y[1][11]                                     ;
; 7:1                ; 57 bits   ; 228 LEs       ; 114 LEs              ; 114 LEs                ; Yes        ; |ga_top_wrapper|ga_engine_top:u_ga_core|ord_y[4][0]                                      ;
; 7:1                ; 57 bits   ; 228 LEs       ; 114 LEs              ; 114 LEs                ; Yes        ; |ga_top_wrapper|ga_engine_top:u_ga_core|ord_idx[5][1]                                    ;
; 7:1                ; 57 bits   ; 228 LEs       ; 114 LEs              ; 114 LEs                ; Yes        ; |ga_top_wrapper|ga_engine_top:u_ga_core|ord_y[2][8]                                      ;
; 7:1                ; 57 bits   ; 228 LEs       ; 114 LEs              ; 114 LEs                ; Yes        ; |ga_top_wrapper|ga_engine_top:u_ga_core|ord_z[3][7]                                      ;
; 7:1                ; 57 bits   ; 228 LEs       ; 114 LEs              ; 114 LEs                ; Yes        ; |ga_top_wrapper|ga_engine_top:u_ga_core|ord_z[6][10]                                     ;
; 7:1                ; 57 bits   ; 228 LEs       ; 114 LEs              ; 114 LEs                ; Yes        ; |ga_top_wrapper|ga_engine_top:u_ga_core|ord_idx[7][6]                                    ;
; 7:1                ; 57 bits   ; 228 LEs       ; 114 LEs              ; 114 LEs                ; Yes        ; |ga_top_wrapper|ga_engine_top:u_ga_core|ord_z[8][5]                                      ;
; 7:1                ; 57 bits   ; 228 LEs       ; 114 LEs              ; 114 LEs                ; Yes        ; |ga_top_wrapper|ga_engine_top:u_ga_core|ord_y[9][6]                                      ;
; 4:1                ; 2 bits    ; 4 LEs         ; 2 LEs                ; 2 LEs                  ; Yes        ; |ga_top_wrapper|ga_engine_top:u_ga_core|traj_wait_cnt[0]                                 ;
; 11:1               ; 8 bits    ; 56 LEs        ; 0 LEs                ; 56 LEs                 ; Yes        ; |ga_top_wrapper|ga_engine_top:u_ga_core|ind_idx[2]                                       ;
; 20:1               ; 6 bits    ; 78 LEs        ; 24 LEs               ; 54 LEs                 ; Yes        ; |ga_top_wrapper|ga_engine_top:u_ga_core|gene_idx[3]                                      ;
; 4:1                ; 16 bits   ; 32 LEs        ; 16 LEs               ; 16 LEs                 ; Yes        ; |ga_top_wrapper|ga_engine_top:u_ga_core|min_fitness_gen[0]                               ;
; 5:1                ; 16 bits   ; 48 LEs        ; 16 LEs               ; 32 LEs                 ; Yes        ; |ga_top_wrapper|ga_engine_top:u_ga_core|min_fitness[10]                                  ;
; 4:1                ; 18 bits   ; 36 LEs        ; 36 LEs               ; 0 LEs                  ; No         ; |ga_top_wrapper|ga_engine_top:u_ga_core|Mux101                                           ;
; 4:1                ; 48 bits   ; 96 LEs        ; 96 LEs               ; 0 LEs                  ; No         ; |ga_top_wrapper|ga_engine_top:u_ga_core|trajectory_bank:u_traj|Mux22                     ;
; 3:1                ; 5 bits    ; 10 LEs        ; 10 LEs               ; 0 LEs                  ; No         ; |ga_top_wrapper|ga_engine_top:u_ga_core|Selector1001                                     ;
; 10:1               ; 57 bits   ; 342 LEs       ; 342 LEs              ; 0 LEs                  ; No         ; |ga_top_wrapper|ga_engine_top:u_ga_core|Mux200                                           ;
; 10:1               ; 48 bits   ; 288 LEs       ; 288 LEs              ; 0 LEs                  ; No         ; |ga_top_wrapper|ga_engine_top:u_ga_core|Mux130                                           ;
; 12:1               ; 48 bits   ; 384 LEs       ; 384 LEs              ; 0 LEs                  ; No         ; |ga_top_wrapper|ga_engine_top:u_ga_core|Mux24                                            ;
; 12:1               ; 48 bits   ; 384 LEs       ; 384 LEs              ; 0 LEs                  ; No         ; |ga_top_wrapper|ga_engine_top:u_ga_core|Mux78                                            ;
; 4:1                ; 18 bits   ; 36 LEs        ; 36 LEs               ; 0 LEs                  ; No         ; |ga_top_wrapper|ga_engine_top:u_ga_core|Mux103                                           ;
; 8:1                ; 2 bits    ; 10 LEs        ; 8 LEs                ; 2 LEs                  ; No         ; |ga_top_wrapper|ga_engine_top:u_ga_core|point_seg_dist:u_psd|Selector5                   ;
; 18:1               ; 4 bits    ; 48 LEs        ; 24 LEs               ; 24 LEs                 ; No         ; |ga_top_wrapper|ga_engine_top:u_ga_core|Selector88                                       ;
; 19:1               ; 2 bits    ; 24 LEs        ; 8 LEs                ; 16 LEs                 ; No         ; |ga_top_wrapper|ga_engine_top:u_ga_core|Selector79                                       ;
; 19:1               ; 2 bits    ; 24 LEs        ; 8 LEs                ; 16 LEs                 ; No         ; |ga_top_wrapper|ga_engine_top:u_ga_core|Selector83                                       ;
; 19:1               ; 2 bits    ; 24 LEs        ; 8 LEs                ; 16 LEs                 ; No         ; |ga_top_wrapper|ga_engine_top:u_ga_core|Selector100                                      ;
; 3:1                ; 10 bits   ; 20 LEs        ; 20 LEs               ; 0 LEs                  ; No         ; |ga_top_wrapper|ga_engine_top:u_ga_core|Selector142                                      ;
; 8:1                ; 16 bits   ; 80 LEs        ; 80 LEs               ; 0 LEs                  ; No         ; |ga_top_wrapper|ga_engine_top:u_ga_core|Selector120                                      ;
+--------------------+-----------+---------------+----------------------+------------------------+------------+------------------------------------------------------------------------------------------+


+--------------------------------------------------------------------------------------------------------+
; Source assignments for ga_engine_top:u_ga_core|altsyncram:fitness_rtl_0|altsyncram_5io1:auto_generated ;
+---------------------------------+--------------------+------+------------------------------------------+
; Assignment                      ; Value              ; From ; To                                       ;
+---------------------------------+--------------------+------+------------------------------------------+
; OPTIMIZE_POWER_DURING_SYNTHESIS ; NORMAL_COMPILATION ; -    ; -                                        ;
+---------------------------------+--------------------+------+------------------------------------------+


+-------------------------------------------------------------------------------------------------------------------------------------------------+
; Source assignments for ga_engine_top:u_ga_core|trajectory_bank:u_traj|trajectory_rom:rom_z3|altsyncram:mem_rtl_0|altsyncram_r2e1:auto_generated ;
+---------------------------------+--------------------+------+-----------------------------------------------------------------------------------+
; Assignment                      ; Value              ; From ; To                                                                                ;
+---------------------------------+--------------------+------+-----------------------------------------------------------------------------------+
; OPTIMIZE_POWER_DURING_SYNTHESIS ; NORMAL_COMPILATION ; -    ; -                                                                                 ;
+---------------------------------+--------------------+------+-----------------------------------------------------------------------------------+


+-------------------------------------------------------------------------------------------------------------------------------------------------+
; Source assignments for ga_engine_top:u_ga_core|trajectory_bank:u_traj|trajectory_rom:rom_y3|altsyncram:mem_rtl_0|altsyncram_h2e1:auto_generated ;
+---------------------------------+--------------------+------+-----------------------------------------------------------------------------------+
; Assignment                      ; Value              ; From ; To                                                                                ;
+---------------------------------+--------------------+------+-----------------------------------------------------------------------------------+
; OPTIMIZE_POWER_DURING_SYNTHESIS ; NORMAL_COMPILATION ; -    ; -                                                                                 ;
+---------------------------------+--------------------+------+-----------------------------------------------------------------------------------+


+-------------------------------------------------------------------------------------------------------------------------------------------------+
; Source assignments for ga_engine_top:u_ga_core|trajectory_bank:u_traj|trajectory_rom:rom_x3|altsyncram:mem_rtl_0|altsyncram_61e1:auto_generated ;
+---------------------------------+--------------------+------+-----------------------------------------------------------------------------------+
; Assignment                      ; Value              ; From ; To                                                                                ;
+---------------------------------+--------------------+------+-----------------------------------------------------------------------------------+
; OPTIMIZE_POWER_DURING_SYNTHESIS ; NORMAL_COMPILATION ; -    ; -                                                                                 ;
+---------------------------------+--------------------+------+-----------------------------------------------------------------------------------+


+-------------------------------------------------------------------------------------------------------------------------------------------------+
; Source assignments for ga_engine_top:u_ga_core|trajectory_bank:u_traj|trajectory_rom:rom_z2|altsyncram:mem_rtl_0|altsyncram_p2e1:auto_generated ;
+---------------------------------+--------------------+------+-----------------------------------------------------------------------------------+
; Assignment                      ; Value              ; From ; To                                                                                ;
+---------------------------------+--------------------+------+-----------------------------------------------------------------------------------+
; OPTIMIZE_POWER_DURING_SYNTHESIS ; NORMAL_COMPILATION ; -    ; -                                                                                 ;
+---------------------------------+--------------------+------+-----------------------------------------------------------------------------------+


+-------------------------------------------------------------------------------------------------------------------------------------------------+
; Source assignments for ga_engine_top:u_ga_core|trajectory_bank:u_traj|trajectory_rom:rom_y2|altsyncram:mem_rtl_0|altsyncram_a3e1:auto_generated ;
+---------------------------------+--------------------+------+-----------------------------------------------------------------------------------+
; Assignment                      ; Value              ; From ; To                                                                                ;
+---------------------------------+--------------------+------+-----------------------------------------------------------------------------------+
; OPTIMIZE_POWER_DURING_SYNTHESIS ; NORMAL_COMPILATION ; -    ; -                                                                                 ;
+---------------------------------+--------------------+------+-----------------------------------------------------------------------------------+


+-------------------------------------------------------------------------------------------------------------------------------------------------+
; Source assignments for ga_engine_top:u_ga_core|trajectory_bank:u_traj|trajectory_rom:rom_x2|altsyncram:mem_rtl_0|altsyncram_d1e1:auto_generated ;
+---------------------------------+--------------------+------+-----------------------------------------------------------------------------------+
; Assignment                      ; Value              ; From ; To                                                                                ;
+---------------------------------+--------------------+------+-----------------------------------------------------------------------------------+
; OPTIMIZE_POWER_DURING_SYNTHESIS ; NORMAL_COMPILATION ; -    ; -                                                                                 ;
+---------------------------------+--------------------+------+-----------------------------------------------------------------------------------+


+-------------------------------------------------------------------------------------------------------------------------------------------------+
; Source assignments for ga_engine_top:u_ga_core|trajectory_bank:u_traj|trajectory_rom:rom_z1|altsyncram:mem_rtl_0|altsyncram_rvd1:auto_generated ;
+---------------------------------+--------------------+------+-----------------------------------------------------------------------------------+
; Assignment                      ; Value              ; From ; To                                                                                ;
+---------------------------------+--------------------+------+-----------------------------------------------------------------------------------+
; OPTIMIZE_POWER_DURING_SYNTHESIS ; NORMAL_COMPILATION ; -    ; -                                                                                 ;
+---------------------------------+--------------------+------+-----------------------------------------------------------------------------------+


+-------------------------------------------------------------------------------------------------------------------------------------------------+
; Source assignments for ga_engine_top:u_ga_core|trajectory_bank:u_traj|trajectory_rom:rom_y1|altsyncram:mem_rtl_0|altsyncram_vvd1:auto_generated ;
+---------------------------------+--------------------+------+-----------------------------------------------------------------------------------+
; Assignment                      ; Value              ; From ; To                                                                                ;
+---------------------------------+--------------------+------+-----------------------------------------------------------------------------------+
; OPTIMIZE_POWER_DURING_SYNTHESIS ; NORMAL_COMPILATION ; -    ; -                                                                                 ;
+---------------------------------+--------------------+------+-----------------------------------------------------------------------------------+


+-------------------------------------------------------------------------------------------------------------------------------------------------+
; Source assignments for ga_engine_top:u_ga_core|trajectory_bank:u_traj|trajectory_rom:rom_x1|altsyncram:mem_rtl_0|altsyncram_80e1:auto_generated ;
+---------------------------------+--------------------+------+-----------------------------------------------------------------------------------+
; Assignment                      ; Value              ; From ; To                                                                                ;
+---------------------------------+--------------------+------+-----------------------------------------------------------------------------------+
; OPTIMIZE_POWER_DURING_SYNTHESIS ; NORMAL_COMPILATION ; -    ; -                                                                                 ;
+---------------------------------+--------------------+------+-----------------------------------------------------------------------------------+


+-------------------------------------------------------------------------------------------------------------------------------------------------+
; Source assignments for ga_engine_top:u_ga_core|trajectory_bank:u_traj|trajectory_rom:rom_z0|altsyncram:mem_rtl_0|altsyncram_g1e1:auto_generated ;
+---------------------------------+--------------------+------+-----------------------------------------------------------------------------------+
; Assignment                      ; Value              ; From ; To                                                                                ;
+---------------------------------+--------------------+------+-----------------------------------------------------------------------------------+
; OPTIMIZE_POWER_DURING_SYNTHESIS ; NORMAL_COMPILATION ; -    ; -                                                                                 ;
+---------------------------------+--------------------+------+-----------------------------------------------------------------------------------+


+-------------------------------------------------------------------------------------------------------------------------------------------------+
; Source assignments for ga_engine_top:u_ga_core|trajectory_bank:u_traj|trajectory_rom:rom_y0|altsyncram:mem_rtl_0|altsyncram_b1e1:auto_generated ;
+---------------------------------+--------------------+------+-----------------------------------------------------------------------------------+
; Assignment                      ; Value              ; From ; To                                                                                ;
+---------------------------------+--------------------+------+-----------------------------------------------------------------------------------+
; OPTIMIZE_POWER_DURING_SYNTHESIS ; NORMAL_COMPILATION ; -    ; -                                                                                 ;
+---------------------------------+--------------------+------+-----------------------------------------------------------------------------------+


+-------------------------------------------------------------------------------------------------------------------------------------------------+
; Source assignments for ga_engine_top:u_ga_core|trajectory_bank:u_traj|trajectory_rom:rom_x0|altsyncram:mem_rtl_0|altsyncram_j1e1:auto_generated ;
+---------------------------------+--------------------+------+-----------------------------------------------------------------------------------+
; Assignment                      ; Value              ; From ; To                                                                                ;
+---------------------------------+--------------------+------+-----------------------------------------------------------------------------------+
; OPTIMIZE_POWER_DURING_SYNTHESIS ; NORMAL_COMPILATION ; -    ; -                                                                                 ;
+---------------------------------+--------------------+------+-----------------------------------------------------------------------------------+


+--------------------------------------------------------------------------------+
; Parameter Settings for User Entity Instance: Top-level Entity: |ga_top_wrapper ;
+----------------+-------+-------------------------------------------------------+
; Parameter Name ; Value ; Type                                                  ;
+----------------+-------+-------------------------------------------------------+
; GENES_PER_IND  ; 30    ; Signed Integer                                        ;
; POP_SIZE       ; 32    ; Signed Integer                                        ;
; MAX_GENS       ; 200   ; Signed Integer                                        ;
; N_REF          ; 300   ; Signed Integer                                        ;
+----------------+-------+-------------------------------------------------------+
Note: In order to hide this table in the UI and the text report file, please set the "Show Parameter Settings in Synthesis Report" option in "Analysis and Synthesis Settings -> More Settings" to "Off".


+----------------------------------------------------------------------+
; Parameter Settings for User Entity Instance: ga_engine_top:u_ga_core ;
+----------------+-------+---------------------------------------------+
; Parameter Name ; Value ; Type                                        ;
+----------------+-------+---------------------------------------------+
; GENES_PER_IND  ; 30    ; Signed Integer                              ;
; POP_SIZE       ; 32    ; Signed Integer                              ;
; MAX_GENS       ; 200   ; Signed Integer                              ;
; N_REF          ; 300   ; Signed Integer                              ;
+----------------+-------+---------------------------------------------+
Note: In order to hide this table in the UI and the text report file, please set the "Show Parameter Settings in Synthesis Report" option in "Analysis and Synthesis Settings -> More Settings" to "Off".


+---------------------------------------------------------------------------------------------+
; Parameter Settings for User Entity Instance: ga_engine_top:u_ga_core|trajectory_bank:u_traj ;
+----------------+-------+--------------------------------------------------------------------+
; Parameter Name ; Value ; Type                                                               ;
+----------------+-------+--------------------------------------------------------------------+
; N_REF          ; 300   ; Signed Integer                                                     ;
+----------------+-------+--------------------------------------------------------------------+
Note: In order to hide this table in the UI and the text report file, please set the "Show Parameter Settings in Synthesis Report" option in "Analysis and Synthesis Settings -> More Settings" to "Off".


+-------------------------------------------------------------------------------------------------------------------+
; Parameter Settings for User Entity Instance: ga_engine_top:u_ga_core|trajectory_bank:u_traj|trajectory_rom:rom_x0 ;
+----------------+--------------------+-----------------------------------------------------------------------------+
; Parameter Name ; Value              ; Type                                                                        ;
+----------------+--------------------+-----------------------------------------------------------------------------+
; N_REF          ; 300                ; Signed Integer                                                              ;
; INIT_FILE      ; traj_circulo_x.mem ; String                                                                      ;
+----------------+--------------------+-----------------------------------------------------------------------------+
Note: In order to hide this table in the UI and the text report file, please set the "Show Parameter Settings in Synthesis Report" option in "Analysis and Synthesis Settings -> More Settings" to "Off".


+-------------------------------------------------------------------------------------------------------------------+
; Parameter Settings for User Entity Instance: ga_engine_top:u_ga_core|trajectory_bank:u_traj|trajectory_rom:rom_y0 ;
+----------------+--------------------+-----------------------------------------------------------------------------+
; Parameter Name ; Value              ; Type                                                                        ;
+----------------+--------------------+-----------------------------------------------------------------------------+
; N_REF          ; 300                ; Signed Integer                                                              ;
; INIT_FILE      ; traj_circulo_y.mem ; String                                                                      ;
+----------------+--------------------+-----------------------------------------------------------------------------+
Note: In order to hide this table in the UI and the text report file, please set the "Show Parameter Settings in Synthesis Report" option in "Analysis and Synthesis Settings -> More Settings" to "Off".


+-------------------------------------------------------------------------------------------------------------------+
; Parameter Settings for User Entity Instance: ga_engine_top:u_ga_core|trajectory_bank:u_traj|trajectory_rom:rom_z0 ;
+----------------+--------------------+-----------------------------------------------------------------------------+
; Parameter Name ; Value              ; Type                                                                        ;
+----------------+--------------------+-----------------------------------------------------------------------------+
; N_REF          ; 300                ; Signed Integer                                                              ;
; INIT_FILE      ; traj_circulo_z.mem ; String                                                                      ;
+----------------+--------------------+-----------------------------------------------------------------------------+
Note: In order to hide this table in the UI and the text report file, please set the "Show Parameter Settings in Synthesis Report" option in "Analysis and Synthesis Settings -> More Settings" to "Off".


+-------------------------------------------------------------------------------------------------------------------+
; Parameter Settings for User Entity Instance: ga_engine_top:u_ga_core|trajectory_bank:u_traj|trajectory_rom:rom_x1 ;
+----------------+-------------------+------------------------------------------------------------------------------+
; Parameter Name ; Value             ; Type                                                                         ;
+----------------+-------------------+------------------------------------------------------------------------------+
; N_REF          ; 300               ; Signed Integer                                                               ;
; INIT_FILE      ; traj_helice_x.mem ; String                                                                       ;
+----------------+-------------------+------------------------------------------------------------------------------+
Note: In order to hide this table in the UI and the text report file, please set the "Show Parameter Settings in Synthesis Report" option in "Analysis and Synthesis Settings -> More Settings" to "Off".


+-------------------------------------------------------------------------------------------------------------------+
; Parameter Settings for User Entity Instance: ga_engine_top:u_ga_core|trajectory_bank:u_traj|trajectory_rom:rom_y1 ;
+----------------+-------------------+------------------------------------------------------------------------------+
; Parameter Name ; Value             ; Type                                                                         ;
+----------------+-------------------+------------------------------------------------------------------------------+
; N_REF          ; 300               ; Signed Integer                                                               ;
; INIT_FILE      ; traj_helice_y.mem ; String                                                                       ;
+----------------+-------------------+------------------------------------------------------------------------------+
Note: In order to hide this table in the UI and the text report file, please set the "Show Parameter Settings in Synthesis Report" option in "Analysis and Synthesis Settings -> More Settings" to "Off".


+-------------------------------------------------------------------------------------------------------------------+
; Parameter Settings for User Entity Instance: ga_engine_top:u_ga_core|trajectory_bank:u_traj|trajectory_rom:rom_z1 ;
+----------------+-------------------+------------------------------------------------------------------------------+
; Parameter Name ; Value             ; Type                                                                         ;
+----------------+-------------------+------------------------------------------------------------------------------+
; N_REF          ; 300               ; Signed Integer                                                               ;
; INIT_FILE      ; traj_helice_z.mem ; String                                                                       ;
+----------------+-------------------+------------------------------------------------------------------------------+
Note: In order to hide this table in the UI and the text report file, please set the "Show Parameter Settings in Synthesis Report" option in "Analysis and Synthesis Settings -> More Settings" to "Off".


+-------------------------------------------------------------------------------------------------------------------+
; Parameter Settings for User Entity Instance: ga_engine_top:u_ga_core|trajectory_bank:u_traj|trajectory_rom:rom_x2 ;
+----------------+----------------------+---------------------------------------------------------------------------+
; Parameter Name ; Value                ; Type                                                                      ;
+----------------+----------------------+---------------------------------------------------------------------------+
; N_REF          ; 300                  ; Signed Integer                                                            ;
; INIT_FILE      ; traj_lissajous_x.mem ; String                                                                    ;
+----------------+----------------------+---------------------------------------------------------------------------+
Note: In order to hide this table in the UI and the text report file, please set the "Show Parameter Settings in Synthesis Report" option in "Analysis and Synthesis Settings -> More Settings" to "Off".


+-------------------------------------------------------------------------------------------------------------------+
; Parameter Settings for User Entity Instance: ga_engine_top:u_ga_core|trajectory_bank:u_traj|trajectory_rom:rom_y2 ;
+----------------+----------------------+---------------------------------------------------------------------------+
; Parameter Name ; Value                ; Type                                                                      ;
+----------------+----------------------+---------------------------------------------------------------------------+
; N_REF          ; 300                  ; Signed Integer                                                            ;
; INIT_FILE      ; traj_lissajous_y.mem ; String                                                                    ;
+----------------+----------------------+---------------------------------------------------------------------------+
Note: In order to hide this table in the UI and the text report file, please set the "Show Parameter Settings in Synthesis Report" option in "Analysis and Synthesis Settings -> More Settings" to "Off".


+-------------------------------------------------------------------------------------------------------------------+
; Parameter Settings for User Entity Instance: ga_engine_top:u_ga_core|trajectory_bank:u_traj|trajectory_rom:rom_z2 ;
+----------------+----------------------+---------------------------------------------------------------------------+
; Parameter Name ; Value                ; Type                                                                      ;
+----------------+----------------------+---------------------------------------------------------------------------+
; N_REF          ; 300                  ; Signed Integer                                                            ;
; INIT_FILE      ; traj_lissajous_z.mem ; String                                                                    ;
+----------------+----------------------+---------------------------------------------------------------------------+
Note: In order to hide this table in the UI and the text report file, please set the "Show Parameter Settings in Synthesis Report" option in "Analysis and Synthesis Settings -> More Settings" to "Off".


+-------------------------------------------------------------------------------------------------------------------+
; Parameter Settings for User Entity Instance: ga_engine_top:u_ga_core|trajectory_bank:u_traj|trajectory_rom:rom_x3 ;
+----------------+--------------------+-----------------------------------------------------------------------------+
; Parameter Name ; Value              ; Type                                                                        ;
+----------------+--------------------+-----------------------------------------------------------------------------+
; N_REF          ; 300                ; Signed Integer                                                              ;
; INIT_FILE      ; traj_espiral_x.mem ; String                                                                      ;
+----------------+--------------------+-----------------------------------------------------------------------------+
Note: In order to hide this table in the UI and the text report file, please set the "Show Parameter Settings in Synthesis Report" option in "Analysis and Synthesis Settings -> More Settings" to "Off".


+-------------------------------------------------------------------------------------------------------------------+
; Parameter Settings for User Entity Instance: ga_engine_top:u_ga_core|trajectory_bank:u_traj|trajectory_rom:rom_y3 ;
+----------------+--------------------+-----------------------------------------------------------------------------+
; Parameter Name ; Value              ; Type                                                                        ;
+----------------+--------------------+-----------------------------------------------------------------------------+
; N_REF          ; 300                ; Signed Integer                                                              ;
; INIT_FILE      ; traj_espiral_y.mem ; String                                                                      ;
+----------------+--------------------+-----------------------------------------------------------------------------+
Note: In order to hide this table in the UI and the text report file, please set the "Show Parameter Settings in Synthesis Report" option in "Analysis and Synthesis Settings -> More Settings" to "Off".


+-------------------------------------------------------------------------------------------------------------------+
; Parameter Settings for User Entity Instance: ga_engine_top:u_ga_core|trajectory_bank:u_traj|trajectory_rom:rom_z3 ;
+----------------+--------------------+-----------------------------------------------------------------------------+
; Parameter Name ; Value              ; Type                                                                        ;
+----------------+--------------------+-----------------------------------------------------------------------------+
; N_REF          ; 300                ; Signed Integer                                                              ;
; INIT_FILE      ; traj_espiral_z.mem ; String                                                                      ;
+----------------+--------------------+-----------------------------------------------------------------------------+
Note: In order to hide this table in the UI and the text report file, please set the "Show Parameter Settings in Synthesis Report" option in "Analysis and Synthesis Settings -> More Settings" to "Off".


+---------------------------------------------------------------------------------------------------------+
; Parameter Settings for User Entity Instance: ga_engine_top:u_ga_core|point_seg_dist:u_psd|div_seq:u_div ;
+----------------+-------+--------------------------------------------------------------------------------+
; Parameter Name ; Value ; Type                                                                           ;
+----------------+-------+--------------------------------------------------------------------------------+
; WIDTH          ; 64    ; Signed Integer                                                                 ;
+----------------+-------+--------------------------------------------------------------------------------+
Note: In order to hide this table in the UI and the text report file, please set the "Show Parameter Settings in Synthesis Report" option in "Analysis and Synthesis Settings -> More Settings" to "Off".


+---------------------------------------------------------------------------------------------------+
; Parameter Settings for Inferred Entity Instance: ga_engine_top:u_ga_core|altsyncram:fitness_rtl_0 ;
+------------------------------------+----------------------+---------------------------------------+
; Parameter Name                     ; Value                ; Type                                  ;
+------------------------------------+----------------------+---------------------------------------+
; BYTE_SIZE_BLOCK                    ; 8                    ; Untyped                               ;
; AUTO_CARRY_CHAINS                  ; ON                   ; AUTO_CARRY                            ;
; IGNORE_CARRY_BUFFERS               ; OFF                  ; IGNORE_CARRY                          ;
; AUTO_CASCADE_CHAINS                ; ON                   ; AUTO_CASCADE                          ;
; IGNORE_CASCADE_BUFFERS             ; OFF                  ; IGNORE_CASCADE                        ;
; WIDTH_BYTEENA                      ; 1                    ; Untyped                               ;
; OPERATION_MODE                     ; DUAL_PORT            ; Untyped                               ;
; WIDTH_A                            ; 32                   ; Untyped                               ;
; WIDTHAD_A                          ; 5                    ; Untyped                               ;
; NUMWORDS_A                         ; 32                   ; Untyped                               ;
; OUTDATA_REG_A                      ; UNREGISTERED         ; Untyped                               ;
; ADDRESS_ACLR_A                     ; NONE                 ; Untyped                               ;
; OUTDATA_ACLR_A                     ; NONE                 ; Untyped                               ;
; WRCONTROL_ACLR_A                   ; NONE                 ; Untyped                               ;
; INDATA_ACLR_A                      ; NONE                 ; Untyped                               ;
; BYTEENA_ACLR_A                     ; NONE                 ; Untyped                               ;
; WIDTH_B                            ; 32                   ; Untyped                               ;
; WIDTHAD_B                          ; 5                    ; Untyped                               ;
; NUMWORDS_B                         ; 32                   ; Untyped                               ;
; INDATA_REG_B                       ; CLOCK1               ; Untyped                               ;
; WRCONTROL_WRADDRESS_REG_B          ; CLOCK1               ; Untyped                               ;
; RDCONTROL_REG_B                    ; CLOCK1               ; Untyped                               ;
; ADDRESS_REG_B                      ; CLOCK0               ; Untyped                               ;
; OUTDATA_REG_B                      ; UNREGISTERED         ; Untyped                               ;
; BYTEENA_REG_B                      ; CLOCK1               ; Untyped                               ;
; INDATA_ACLR_B                      ; NONE                 ; Untyped                               ;
; WRCONTROL_ACLR_B                   ; NONE                 ; Untyped                               ;
; ADDRESS_ACLR_B                     ; NONE                 ; Untyped                               ;
; OUTDATA_ACLR_B                     ; NONE                 ; Untyped                               ;
; RDCONTROL_ACLR_B                   ; NONE                 ; Untyped                               ;
; BYTEENA_ACLR_B                     ; NONE                 ; Untyped                               ;
; WIDTH_BYTEENA_A                    ; 1                    ; Untyped                               ;
; WIDTH_BYTEENA_B                    ; 1                    ; Untyped                               ;
; RAM_BLOCK_TYPE                     ; AUTO                 ; Untyped                               ;
; BYTE_SIZE                          ; 8                    ; Untyped                               ;
; READ_DURING_WRITE_MODE_MIXED_PORTS ; OLD_DATA             ; Untyped                               ;
; READ_DURING_WRITE_MODE_PORT_A      ; NEW_DATA_NO_NBE_READ ; Untyped                               ;
; READ_DURING_WRITE_MODE_PORT_B      ; NEW_DATA_NO_NBE_READ ; Untyped                               ;
; INIT_FILE                          ; UNUSED               ; Untyped                               ;
; INIT_FILE_LAYOUT                   ; PORT_A               ; Untyped                               ;
; MAXIMUM_DEPTH                      ; 0                    ; Untyped                               ;
; CLOCK_ENABLE_INPUT_A               ; NORMAL               ; Untyped                               ;
; CLOCK_ENABLE_INPUT_B               ; NORMAL               ; Untyped                               ;
; CLOCK_ENABLE_OUTPUT_A              ; NORMAL               ; Untyped                               ;
; CLOCK_ENABLE_OUTPUT_B              ; NORMAL               ; Untyped                               ;
; CLOCK_ENABLE_CORE_A                ; USE_INPUT_CLKEN      ; Untyped                               ;
; CLOCK_ENABLE_CORE_B                ; USE_INPUT_CLKEN      ; Untyped                               ;
; ENABLE_ECC                         ; FALSE                ; Untyped                               ;
; ECC_PIPELINE_STAGE_ENABLED         ; FALSE                ; Untyped                               ;
; WIDTH_ECCSTATUS                    ; 3                    ; Untyped                               ;
; DEVICE_FAMILY                      ; Cyclone V            ; Untyped                               ;
; CBXI_PARAMETER                     ; altsyncram_5io1      ; Untyped                               ;
+------------------------------------+----------------------+---------------------------------------+
Note: In order to hide this table in the UI and the text report file, please set the "Show Parameter Settings in Synthesis Report" option in "Analysis and Synthesis Settings -> More Settings" to "Off".


+--------------------------------------------------------------------------------------------------------------------------------------------+
; Parameter Settings for Inferred Entity Instance: ga_engine_top:u_ga_core|trajectory_bank:u_traj|trajectory_rom:rom_z3|altsyncram:mem_rtl_0 ;
+------------------------------------+--------------------------------------------------+----------------------------------------------------+
; Parameter Name                     ; Value                                            ; Type                                               ;
+------------------------------------+--------------------------------------------------+----------------------------------------------------+
; BYTE_SIZE_BLOCK                    ; 8                                                ; Untyped                                            ;
; AUTO_CARRY_CHAINS                  ; ON                                               ; AUTO_CARRY                                         ;
; IGNORE_CARRY_BUFFERS               ; OFF                                              ; IGNORE_CARRY                                       ;
; AUTO_CASCADE_CHAINS                ; ON                                               ; AUTO_CASCADE                                       ;
; IGNORE_CASCADE_BUFFERS             ; OFF                                              ; IGNORE_CASCADE                                     ;
; WIDTH_BYTEENA                      ; 1                                                ; Untyped                                            ;
; OPERATION_MODE                     ; ROM                                              ; Untyped                                            ;
; WIDTH_A                            ; 16                                               ; Untyped                                            ;
; WIDTHAD_A                          ; 9                                                ; Untyped                                            ;
; NUMWORDS_A                         ; 300                                              ; Untyped                                            ;
; OUTDATA_REG_A                      ; UNREGISTERED                                     ; Untyped                                            ;
; ADDRESS_ACLR_A                     ; NONE                                             ; Untyped                                            ;
; OUTDATA_ACLR_A                     ; NONE                                             ; Untyped                                            ;
; WRCONTROL_ACLR_A                   ; NONE                                             ; Untyped                                            ;
; INDATA_ACLR_A                      ; NONE                                             ; Untyped                                            ;
; BYTEENA_ACLR_A                     ; NONE                                             ; Untyped                                            ;
; WIDTH_B                            ; 1                                                ; Untyped                                            ;
; WIDTHAD_B                          ; 1                                                ; Untyped                                            ;
; NUMWORDS_B                         ; 1                                                ; Untyped                                            ;
; INDATA_REG_B                       ; CLOCK1                                           ; Untyped                                            ;
; WRCONTROL_WRADDRESS_REG_B          ; CLOCK1                                           ; Untyped                                            ;
; RDCONTROL_REG_B                    ; CLOCK1                                           ; Untyped                                            ;
; ADDRESS_REG_B                      ; CLOCK1                                           ; Untyped                                            ;
; OUTDATA_REG_B                      ; UNREGISTERED                                     ; Untyped                                            ;
; BYTEENA_REG_B                      ; CLOCK1                                           ; Untyped                                            ;
; INDATA_ACLR_B                      ; NONE                                             ; Untyped                                            ;
; WRCONTROL_ACLR_B                   ; NONE                                             ; Untyped                                            ;
; ADDRESS_ACLR_B                     ; NONE                                             ; Untyped                                            ;
; OUTDATA_ACLR_B                     ; NONE                                             ; Untyped                                            ;
; RDCONTROL_ACLR_B                   ; NONE                                             ; Untyped                                            ;
; BYTEENA_ACLR_B                     ; NONE                                             ; Untyped                                            ;
; WIDTH_BYTEENA_A                    ; 1                                                ; Untyped                                            ;
; WIDTH_BYTEENA_B                    ; 1                                                ; Untyped                                            ;
; RAM_BLOCK_TYPE                     ; AUTO                                             ; Untyped                                            ;
; BYTE_SIZE                          ; 8                                                ; Untyped                                            ;
; READ_DURING_WRITE_MODE_MIXED_PORTS ; DONT_CARE                                        ; Untyped                                            ;
; READ_DURING_WRITE_MODE_PORT_A      ; NEW_DATA_NO_NBE_READ                             ; Untyped                                            ;
; READ_DURING_WRITE_MODE_PORT_B      ; NEW_DATA_NO_NBE_READ                             ; Untyped                                            ;
; INIT_FILE                          ; db/Genetico.ram0_trajectory_rom_f55b80ba.hdl.mif ; Untyped                                            ;
; INIT_FILE_LAYOUT                   ; PORT_A                                           ; Untyped                                            ;
; MAXIMUM_DEPTH                      ; 0                                                ; Untyped                                            ;
; CLOCK_ENABLE_INPUT_A               ; NORMAL                                           ; Untyped                                            ;
; CLOCK_ENABLE_INPUT_B               ; NORMAL                                           ; Untyped                                            ;
; CLOCK_ENABLE_OUTPUT_A              ; NORMAL                                           ; Untyped                                            ;
; CLOCK_ENABLE_OUTPUT_B              ; NORMAL                                           ; Untyped                                            ;
; CLOCK_ENABLE_CORE_A                ; USE_INPUT_CLKEN                                  ; Untyped                                            ;
; CLOCK_ENABLE_CORE_B                ; USE_INPUT_CLKEN                                  ; Untyped                                            ;
; ENABLE_ECC                         ; FALSE                                            ; Untyped                                            ;
; ECC_PIPELINE_STAGE_ENABLED         ; FALSE                                            ; Untyped                                            ;
; WIDTH_ECCSTATUS                    ; 3                                                ; Untyped                                            ;
; DEVICE_FAMILY                      ; Cyclone V                                        ; Untyped                                            ;
; CBXI_PARAMETER                     ; altsyncram_r2e1                                  ; Untyped                                            ;
+------------------------------------+--------------------------------------------------+----------------------------------------------------+
Note: In order to hide this table in the UI and the text report file, please set the "Show Parameter Settings in Synthesis Report" option in "Analysis and Synthesis Settings -> More Settings" to "Off".


+--------------------------------------------------------------------------------------------------------------------------------------------+
; Parameter Settings for Inferred Entity Instance: ga_engine_top:u_ga_core|trajectory_bank:u_traj|trajectory_rom:rom_y3|altsyncram:mem_rtl_0 ;
+------------------------------------+--------------------------------------------------+----------------------------------------------------+
; Parameter Name                     ; Value                                            ; Type                                               ;
+------------------------------------+--------------------------------------------------+----------------------------------------------------+
; BYTE_SIZE_BLOCK                    ; 8                                                ; Untyped                                            ;
; AUTO_CARRY_CHAINS                  ; ON                                               ; AUTO_CARRY                                         ;
; IGNORE_CARRY_BUFFERS               ; OFF                                              ; IGNORE_CARRY                                       ;
; AUTO_CASCADE_CHAINS                ; ON                                               ; AUTO_CASCADE                                       ;
; IGNORE_CASCADE_BUFFERS             ; OFF                                              ; IGNORE_CASCADE                                     ;
; WIDTH_BYTEENA                      ; 1                                                ; Untyped                                            ;
; OPERATION_MODE                     ; ROM                                              ; Untyped                                            ;
; WIDTH_A                            ; 16                                               ; Untyped                                            ;
; WIDTHAD_A                          ; 9                                                ; Untyped                                            ;
; NUMWORDS_A                         ; 300                                              ; Untyped                                            ;
; OUTDATA_REG_A                      ; UNREGISTERED                                     ; Untyped                                            ;
; ADDRESS_ACLR_A                     ; NONE                                             ; Untyped                                            ;
; OUTDATA_ACLR_A                     ; NONE                                             ; Untyped                                            ;
; WRCONTROL_ACLR_A                   ; NONE                                             ; Untyped                                            ;
; INDATA_ACLR_A                      ; NONE                                             ; Untyped                                            ;
; BYTEENA_ACLR_A                     ; NONE                                             ; Untyped                                            ;
; WIDTH_B                            ; 1                                                ; Untyped                                            ;
; WIDTHAD_B                          ; 1                                                ; Untyped                                            ;
; NUMWORDS_B                         ; 1                                                ; Untyped                                            ;
; INDATA_REG_B                       ; CLOCK1                                           ; Untyped                                            ;
; WRCONTROL_WRADDRESS_REG_B          ; CLOCK1                                           ; Untyped                                            ;
; RDCONTROL_REG_B                    ; CLOCK1                                           ; Untyped                                            ;
; ADDRESS_REG_B                      ; CLOCK1                                           ; Untyped                                            ;
; OUTDATA_REG_B                      ; UNREGISTERED                                     ; Untyped                                            ;
; BYTEENA_REG_B                      ; CLOCK1                                           ; Untyped                                            ;
; INDATA_ACLR_B                      ; NONE                                             ; Untyped                                            ;
; WRCONTROL_ACLR_B                   ; NONE                                             ; Untyped                                            ;
; ADDRESS_ACLR_B                     ; NONE                                             ; Untyped                                            ;
; OUTDATA_ACLR_B                     ; NONE                                             ; Untyped                                            ;
; RDCONTROL_ACLR_B                   ; NONE                                             ; Untyped                                            ;
; BYTEENA_ACLR_B                     ; NONE                                             ; Untyped                                            ;
; WIDTH_BYTEENA_A                    ; 1                                                ; Untyped                                            ;
; WIDTH_BYTEENA_B                    ; 1                                                ; Untyped                                            ;
; RAM_BLOCK_TYPE                     ; AUTO                                             ; Untyped                                            ;
; BYTE_SIZE                          ; 8                                                ; Untyped                                            ;
; READ_DURING_WRITE_MODE_MIXED_PORTS ; DONT_CARE                                        ; Untyped                                            ;
; READ_DURING_WRITE_MODE_PORT_A      ; NEW_DATA_NO_NBE_READ                             ; Untyped                                            ;
; READ_DURING_WRITE_MODE_PORT_B      ; NEW_DATA_NO_NBE_READ                             ; Untyped                                            ;
; INIT_FILE                          ; db/Genetico.ram0_trajectory_rom_55a32aaa.hdl.mif ; Untyped                                            ;
; INIT_FILE_LAYOUT                   ; PORT_A                                           ; Untyped                                            ;
; MAXIMUM_DEPTH                      ; 0                                                ; Untyped                                            ;
; CLOCK_ENABLE_INPUT_A               ; NORMAL                                           ; Untyped                                            ;
; CLOCK_ENABLE_INPUT_B               ; NORMAL                                           ; Untyped                                            ;
; CLOCK_ENABLE_OUTPUT_A              ; NORMAL                                           ; Untyped                                            ;
; CLOCK_ENABLE_OUTPUT_B              ; NORMAL                                           ; Untyped                                            ;
; CLOCK_ENABLE_CORE_A                ; USE_INPUT_CLKEN                                  ; Untyped                                            ;
; CLOCK_ENABLE_CORE_B                ; USE_INPUT_CLKEN                                  ; Untyped                                            ;
; ENABLE_ECC                         ; FALSE                                            ; Untyped                                            ;
; ECC_PIPELINE_STAGE_ENABLED         ; FALSE                                            ; Untyped                                            ;
; WIDTH_ECCSTATUS                    ; 3                                                ; Untyped                                            ;
; DEVICE_FAMILY                      ; Cyclone V                                        ; Untyped                                            ;
; CBXI_PARAMETER                     ; altsyncram_h2e1                                  ; Untyped                                            ;
+------------------------------------+--------------------------------------------------+----------------------------------------------------+
Note: In order to hide this table in the UI and the text report file, please set the "Show Parameter Settings in Synthesis Report" option in "Analysis and Synthesis Settings -> More Settings" to "Off".


+--------------------------------------------------------------------------------------------------------------------------------------------+
; Parameter Settings for Inferred Entity Instance: ga_engine_top:u_ga_core|trajectory_bank:u_traj|trajectory_rom:rom_x3|altsyncram:mem_rtl_0 ;
+------------------------------------+--------------------------------------------------+----------------------------------------------------+
; Parameter Name                     ; Value                                            ; Type                                               ;
+------------------------------------+--------------------------------------------------+----------------------------------------------------+
; BYTE_SIZE_BLOCK                    ; 8                                                ; Untyped                                            ;
; AUTO_CARRY_CHAINS                  ; ON                                               ; AUTO_CARRY                                         ;
; IGNORE_CARRY_BUFFERS               ; OFF                                              ; IGNORE_CARRY                                       ;
; AUTO_CASCADE_CHAINS                ; ON                                               ; AUTO_CASCADE                                       ;
; IGNORE_CASCADE_BUFFERS             ; OFF                                              ; IGNORE_CASCADE                                     ;
; WIDTH_BYTEENA                      ; 1                                                ; Untyped                                            ;
; OPERATION_MODE                     ; ROM                                              ; Untyped                                            ;
; WIDTH_A                            ; 16                                               ; Untyped                                            ;
; WIDTHAD_A                          ; 9                                                ; Untyped                                            ;
; NUMWORDS_A                         ; 300                                              ; Untyped                                            ;
; OUTDATA_REG_A                      ; UNREGISTERED                                     ; Untyped                                            ;
; ADDRESS_ACLR_A                     ; NONE                                             ; Untyped                                            ;
; OUTDATA_ACLR_A                     ; NONE                                             ; Untyped                                            ;
; WRCONTROL_ACLR_A                   ; NONE                                             ; Untyped                                            ;
; INDATA_ACLR_A                      ; NONE                                             ; Untyped                                            ;
; BYTEENA_ACLR_A                     ; NONE                                             ; Untyped                                            ;
; WIDTH_B                            ; 1                                                ; Untyped                                            ;
; WIDTHAD_B                          ; 1                                                ; Untyped                                            ;
; NUMWORDS_B                         ; 1                                                ; Untyped                                            ;
; INDATA_REG_B                       ; CLOCK1                                           ; Untyped                                            ;
; WRCONTROL_WRADDRESS_REG_B          ; CLOCK1                                           ; Untyped                                            ;
; RDCONTROL_REG_B                    ; CLOCK1                                           ; Untyped                                            ;
; ADDRESS_REG_B                      ; CLOCK1                                           ; Untyped                                            ;
; OUTDATA_REG_B                      ; UNREGISTERED                                     ; Untyped                                            ;
; BYTEENA_REG_B                      ; CLOCK1                                           ; Untyped                                            ;
; INDATA_ACLR_B                      ; NONE                                             ; Untyped                                            ;
; WRCONTROL_ACLR_B                   ; NONE                                             ; Untyped                                            ;
; ADDRESS_ACLR_B                     ; NONE                                             ; Untyped                                            ;
; OUTDATA_ACLR_B                     ; NONE                                             ; Untyped                                            ;
; RDCONTROL_ACLR_B                   ; NONE                                             ; Untyped                                            ;
; BYTEENA_ACLR_B                     ; NONE                                             ; Untyped                                            ;
; WIDTH_BYTEENA_A                    ; 1                                                ; Untyped                                            ;
; WIDTH_BYTEENA_B                    ; 1                                                ; Untyped                                            ;
; RAM_BLOCK_TYPE                     ; AUTO                                             ; Untyped                                            ;
; BYTE_SIZE                          ; 8                                                ; Untyped                                            ;
; READ_DURING_WRITE_MODE_MIXED_PORTS ; DONT_CARE                                        ; Untyped                                            ;
; READ_DURING_WRITE_MODE_PORT_A      ; NEW_DATA_NO_NBE_READ                             ; Untyped                                            ;
; READ_DURING_WRITE_MODE_PORT_B      ; NEW_DATA_NO_NBE_READ                             ; Untyped                                            ;
; INIT_FILE                          ; db/Genetico.ram0_trajectory_rom_520b8a0f.hdl.mif ; Untyped                                            ;
; INIT_FILE_LAYOUT                   ; PORT_A                                           ; Untyped                                            ;
; MAXIMUM_DEPTH                      ; 0                                                ; Untyped                                            ;
; CLOCK_ENABLE_INPUT_A               ; NORMAL                                           ; Untyped                                            ;
; CLOCK_ENABLE_INPUT_B               ; NORMAL                                           ; Untyped                                            ;
; CLOCK_ENABLE_OUTPUT_A              ; NORMAL                                           ; Untyped                                            ;
; CLOCK_ENABLE_OUTPUT_B              ; NORMAL                                           ; Untyped                                            ;
; CLOCK_ENABLE_CORE_A                ; USE_INPUT_CLKEN                                  ; Untyped                                            ;
; CLOCK_ENABLE_CORE_B                ; USE_INPUT_CLKEN                                  ; Untyped                                            ;
; ENABLE_ECC                         ; FALSE                                            ; Untyped                                            ;
; ECC_PIPELINE_STAGE_ENABLED         ; FALSE                                            ; Untyped                                            ;
; WIDTH_ECCSTATUS                    ; 3                                                ; Untyped                                            ;
; DEVICE_FAMILY                      ; Cyclone V                                        ; Untyped                                            ;
; CBXI_PARAMETER                     ; altsyncram_61e1                                  ; Untyped                                            ;
+------------------------------------+--------------------------------------------------+----------------------------------------------------+
Note: In order to hide this table in the UI and the text report file, please set the "Show Parameter Settings in Synthesis Report" option in "Analysis and Synthesis Settings -> More Settings" to "Off".


+--------------------------------------------------------------------------------------------------------------------------------------------+
; Parameter Settings for Inferred Entity Instance: ga_engine_top:u_ga_core|trajectory_bank:u_traj|trajectory_rom:rom_z2|altsyncram:mem_rtl_0 ;
+------------------------------------+--------------------------------------------------+----------------------------------------------------+
; Parameter Name                     ; Value                                            ; Type                                               ;
+------------------------------------+--------------------------------------------------+----------------------------------------------------+
; BYTE_SIZE_BLOCK                    ; 8                                                ; Untyped                                            ;
; AUTO_CARRY_CHAINS                  ; ON                                               ; AUTO_CARRY                                         ;
; IGNORE_CARRY_BUFFERS               ; OFF                                              ; IGNORE_CARRY                                       ;
; AUTO_CASCADE_CHAINS                ; ON                                               ; AUTO_CASCADE                                       ;
; IGNORE_CASCADE_BUFFERS             ; OFF                                              ; IGNORE_CASCADE                                     ;
; WIDTH_BYTEENA                      ; 1                                                ; Untyped                                            ;
; OPERATION_MODE                     ; ROM                                              ; Untyped                                            ;
; WIDTH_A                            ; 16                                               ; Untyped                                            ;
; WIDTHAD_A                          ; 9                                                ; Untyped                                            ;
; NUMWORDS_A                         ; 300                                              ; Untyped                                            ;
; OUTDATA_REG_A                      ; UNREGISTERED                                     ; Untyped                                            ;
; ADDRESS_ACLR_A                     ; NONE                                             ; Untyped                                            ;
; OUTDATA_ACLR_A                     ; NONE                                             ; Untyped                                            ;
; WRCONTROL_ACLR_A                   ; NONE                                             ; Untyped                                            ;
; INDATA_ACLR_A                      ; NONE                                             ; Untyped                                            ;
; BYTEENA_ACLR_A                     ; NONE                                             ; Untyped                                            ;
; WIDTH_B                            ; 1                                                ; Untyped                                            ;
; WIDTHAD_B                          ; 1                                                ; Untyped                                            ;
; NUMWORDS_B                         ; 1                                                ; Untyped                                            ;
; INDATA_REG_B                       ; CLOCK1                                           ; Untyped                                            ;
; WRCONTROL_WRADDRESS_REG_B          ; CLOCK1                                           ; Untyped                                            ;
; RDCONTROL_REG_B                    ; CLOCK1                                           ; Untyped                                            ;
; ADDRESS_REG_B                      ; CLOCK1                                           ; Untyped                                            ;
; OUTDATA_REG_B                      ; UNREGISTERED                                     ; Untyped                                            ;
; BYTEENA_REG_B                      ; CLOCK1                                           ; Untyped                                            ;
; INDATA_ACLR_B                      ; NONE                                             ; Untyped                                            ;
; WRCONTROL_ACLR_B                   ; NONE                                             ; Untyped                                            ;
; ADDRESS_ACLR_B                     ; NONE                                             ; Untyped                                            ;
; OUTDATA_ACLR_B                     ; NONE                                             ; Untyped                                            ;
; RDCONTROL_ACLR_B                   ; NONE                                             ; Untyped                                            ;
; BYTEENA_ACLR_B                     ; NONE                                             ; Untyped                                            ;
; WIDTH_BYTEENA_A                    ; 1                                                ; Untyped                                            ;
; WIDTH_BYTEENA_B                    ; 1                                                ; Untyped                                            ;
; RAM_BLOCK_TYPE                     ; AUTO                                             ; Untyped                                            ;
; BYTE_SIZE                          ; 8                                                ; Untyped                                            ;
; READ_DURING_WRITE_MODE_MIXED_PORTS ; DONT_CARE                                        ; Untyped                                            ;
; READ_DURING_WRITE_MODE_PORT_A      ; NEW_DATA_NO_NBE_READ                             ; Untyped                                            ;
; READ_DURING_WRITE_MODE_PORT_B      ; NEW_DATA_NO_NBE_READ                             ; Untyped                                            ;
; INIT_FILE                          ; db/Genetico.ram0_trajectory_rom_abc656a3.hdl.mif ; Untyped                                            ;
; INIT_FILE_LAYOUT                   ; PORT_A                                           ; Untyped                                            ;
; MAXIMUM_DEPTH                      ; 0                                                ; Untyped                                            ;
; CLOCK_ENABLE_INPUT_A               ; NORMAL                                           ; Untyped                                            ;
; CLOCK_ENABLE_INPUT_B               ; NORMAL                                           ; Untyped                                            ;
; CLOCK_ENABLE_OUTPUT_A              ; NORMAL                                           ; Untyped                                            ;
; CLOCK_ENABLE_OUTPUT_B              ; NORMAL                                           ; Untyped                                            ;
; CLOCK_ENABLE_CORE_A                ; USE_INPUT_CLKEN                                  ; Untyped                                            ;
; CLOCK_ENABLE_CORE_B                ; USE_INPUT_CLKEN                                  ; Untyped                                            ;
; ENABLE_ECC                         ; FALSE                                            ; Untyped                                            ;
; ECC_PIPELINE_STAGE_ENABLED         ; FALSE                                            ; Untyped                                            ;
; WIDTH_ECCSTATUS                    ; 3                                                ; Untyped                                            ;
; DEVICE_FAMILY                      ; Cyclone V                                        ; Untyped                                            ;
; CBXI_PARAMETER                     ; altsyncram_p2e1                                  ; Untyped                                            ;
+------------------------------------+--------------------------------------------------+----------------------------------------------------+
Note: In order to hide this table in the UI and the text report file, please set the "Show Parameter Settings in Synthesis Report" option in "Analysis and Synthesis Settings -> More Settings" to "Off".


+--------------------------------------------------------------------------------------------------------------------------------------------+
; Parameter Settings for Inferred Entity Instance: ga_engine_top:u_ga_core|trajectory_bank:u_traj|trajectory_rom:rom_y2|altsyncram:mem_rtl_0 ;
+------------------------------------+--------------------------------------------------+----------------------------------------------------+
; Parameter Name                     ; Value                                            ; Type                                               ;
+------------------------------------+--------------------------------------------------+----------------------------------------------------+
; BYTE_SIZE_BLOCK                    ; 8                                                ; Untyped                                            ;
; AUTO_CARRY_CHAINS                  ; ON                                               ; AUTO_CARRY                                         ;
; IGNORE_CARRY_BUFFERS               ; OFF                                              ; IGNORE_CARRY                                       ;
; AUTO_CASCADE_CHAINS                ; ON                                               ; AUTO_CASCADE                                       ;
; IGNORE_CASCADE_BUFFERS             ; OFF                                              ; IGNORE_CASCADE                                     ;
; WIDTH_BYTEENA                      ; 1                                                ; Untyped                                            ;
; OPERATION_MODE                     ; ROM                                              ; Untyped                                            ;
; WIDTH_A                            ; 16                                               ; Untyped                                            ;
; WIDTHAD_A                          ; 9                                                ; Untyped                                            ;
; NUMWORDS_A                         ; 300                                              ; Untyped                                            ;
; OUTDATA_REG_A                      ; UNREGISTERED                                     ; Untyped                                            ;
; ADDRESS_ACLR_A                     ; NONE                                             ; Untyped                                            ;
; OUTDATA_ACLR_A                     ; NONE                                             ; Untyped                                            ;
; WRCONTROL_ACLR_A                   ; NONE                                             ; Untyped                                            ;
; INDATA_ACLR_A                      ; NONE                                             ; Untyped                                            ;
; BYTEENA_ACLR_A                     ; NONE                                             ; Untyped                                            ;
; WIDTH_B                            ; 1                                                ; Untyped                                            ;
; WIDTHAD_B                          ; 1                                                ; Untyped                                            ;
; NUMWORDS_B                         ; 1                                                ; Untyped                                            ;
; INDATA_REG_B                       ; CLOCK1                                           ; Untyped                                            ;
; WRCONTROL_WRADDRESS_REG_B          ; CLOCK1                                           ; Untyped                                            ;
; RDCONTROL_REG_B                    ; CLOCK1                                           ; Untyped                                            ;
; ADDRESS_REG_B                      ; CLOCK1                                           ; Untyped                                            ;
; OUTDATA_REG_B                      ; UNREGISTERED                                     ; Untyped                                            ;
; BYTEENA_REG_B                      ; CLOCK1                                           ; Untyped                                            ;
; INDATA_ACLR_B                      ; NONE                                             ; Untyped                                            ;
; WRCONTROL_ACLR_B                   ; NONE                                             ; Untyped                                            ;
; ADDRESS_ACLR_B                     ; NONE                                             ; Untyped                                            ;
; OUTDATA_ACLR_B                     ; NONE                                             ; Untyped                                            ;
; RDCONTROL_ACLR_B                   ; NONE                                             ; Untyped                                            ;
; BYTEENA_ACLR_B                     ; NONE                                             ; Untyped                                            ;
; WIDTH_BYTEENA_A                    ; 1                                                ; Untyped                                            ;
; WIDTH_BYTEENA_B                    ; 1                                                ; Untyped                                            ;
; RAM_BLOCK_TYPE                     ; AUTO                                             ; Untyped                                            ;
; BYTE_SIZE                          ; 8                                                ; Untyped                                            ;
; READ_DURING_WRITE_MODE_MIXED_PORTS ; DONT_CARE                                        ; Untyped                                            ;
; READ_DURING_WRITE_MODE_PORT_A      ; NEW_DATA_NO_NBE_READ                             ; Untyped                                            ;
; READ_DURING_WRITE_MODE_PORT_B      ; NEW_DATA_NO_NBE_READ                             ; Untyped                                            ;
; INIT_FILE                          ; db/Genetico.ram0_trajectory_rom_719e5ffe.hdl.mif ; Untyped                                            ;
; INIT_FILE_LAYOUT                   ; PORT_A                                           ; Untyped                                            ;
; MAXIMUM_DEPTH                      ; 0                                                ; Untyped                                            ;
; CLOCK_ENABLE_INPUT_A               ; NORMAL                                           ; Untyped                                            ;
; CLOCK_ENABLE_INPUT_B               ; NORMAL                                           ; Untyped                                            ;
; CLOCK_ENABLE_OUTPUT_A              ; NORMAL                                           ; Untyped                                            ;
; CLOCK_ENABLE_OUTPUT_B              ; NORMAL                                           ; Untyped                                            ;
; CLOCK_ENABLE_CORE_A                ; USE_INPUT_CLKEN                                  ; Untyped                                            ;
; CLOCK_ENABLE_CORE_B                ; USE_INPUT_CLKEN                                  ; Untyped                                            ;
; ENABLE_ECC                         ; FALSE                                            ; Untyped                                            ;
; ECC_PIPELINE_STAGE_ENABLED         ; FALSE                                            ; Untyped                                            ;
; WIDTH_ECCSTATUS                    ; 3                                                ; Untyped                                            ;
; DEVICE_FAMILY                      ; Cyclone V                                        ; Untyped                                            ;
; CBXI_PARAMETER                     ; altsyncram_a3e1                                  ; Untyped                                            ;
+------------------------------------+--------------------------------------------------+----------------------------------------------------+
Note: In order to hide this table in the UI and the text report file, please set the "Show Parameter Settings in Synthesis Report" option in "Analysis and Synthesis Settings -> More Settings" to "Off".


+--------------------------------------------------------------------------------------------------------------------------------------------+
; Parameter Settings for Inferred Entity Instance: ga_engine_top:u_ga_core|trajectory_bank:u_traj|trajectory_rom:rom_x2|altsyncram:mem_rtl_0 ;
+------------------------------------+--------------------------------------------------+----------------------------------------------------+
; Parameter Name                     ; Value                                            ; Type                                               ;
+------------------------------------+--------------------------------------------------+----------------------------------------------------+
; BYTE_SIZE_BLOCK                    ; 8                                                ; Untyped                                            ;
; AUTO_CARRY_CHAINS                  ; ON                                               ; AUTO_CARRY                                         ;
; IGNORE_CARRY_BUFFERS               ; OFF                                              ; IGNORE_CARRY                                       ;
; AUTO_CASCADE_CHAINS                ; ON                                               ; AUTO_CASCADE                                       ;
; IGNORE_CASCADE_BUFFERS             ; OFF                                              ; IGNORE_CASCADE                                     ;
; WIDTH_BYTEENA                      ; 1                                                ; Untyped                                            ;
; OPERATION_MODE                     ; ROM                                              ; Untyped                                            ;
; WIDTH_A                            ; 16                                               ; Untyped                                            ;
; WIDTHAD_A                          ; 9                                                ; Untyped                                            ;
; NUMWORDS_A                         ; 300                                              ; Untyped                                            ;
; OUTDATA_REG_A                      ; UNREGISTERED                                     ; Untyped                                            ;
; ADDRESS_ACLR_A                     ; NONE                                             ; Untyped                                            ;
; OUTDATA_ACLR_A                     ; NONE                                             ; Untyped                                            ;
; WRCONTROL_ACLR_A                   ; NONE                                             ; Untyped                                            ;
; INDATA_ACLR_A                      ; NONE                                             ; Untyped                                            ;
; BYTEENA_ACLR_A                     ; NONE                                             ; Untyped                                            ;
; WIDTH_B                            ; 1                                                ; Untyped                                            ;
; WIDTHAD_B                          ; 1                                                ; Untyped                                            ;
; NUMWORDS_B                         ; 1                                                ; Untyped                                            ;
; INDATA_REG_B                       ; CLOCK1                                           ; Untyped                                            ;
; WRCONTROL_WRADDRESS_REG_B          ; CLOCK1                                           ; Untyped                                            ;
; RDCONTROL_REG_B                    ; CLOCK1                                           ; Untyped                                            ;
; ADDRESS_REG_B                      ; CLOCK1                                           ; Untyped                                            ;
; OUTDATA_REG_B                      ; UNREGISTERED                                     ; Untyped                                            ;
; BYTEENA_REG_B                      ; CLOCK1                                           ; Untyped                                            ;
; INDATA_ACLR_B                      ; NONE                                             ; Untyped                                            ;
; WRCONTROL_ACLR_B                   ; NONE                                             ; Untyped                                            ;
; ADDRESS_ACLR_B                     ; NONE                                             ; Untyped                                            ;
; OUTDATA_ACLR_B                     ; NONE                                             ; Untyped                                            ;
; RDCONTROL_ACLR_B                   ; NONE                                             ; Untyped                                            ;
; BYTEENA_ACLR_B                     ; NONE                                             ; Untyped                                            ;
; WIDTH_BYTEENA_A                    ; 1                                                ; Untyped                                            ;
; WIDTH_BYTEENA_B                    ; 1                                                ; Untyped                                            ;
; RAM_BLOCK_TYPE                     ; AUTO                                             ; Untyped                                            ;
; BYTE_SIZE                          ; 8                                                ; Untyped                                            ;
; READ_DURING_WRITE_MODE_MIXED_PORTS ; DONT_CARE                                        ; Untyped                                            ;
; READ_DURING_WRITE_MODE_PORT_A      ; NEW_DATA_NO_NBE_READ                             ; Untyped                                            ;
; READ_DURING_WRITE_MODE_PORT_B      ; NEW_DATA_NO_NBE_READ                             ; Untyped                                            ;
; INIT_FILE                          ; db/Genetico.ram0_trajectory_rom_d2ba2938.hdl.mif ; Untyped                                            ;
; INIT_FILE_LAYOUT                   ; PORT_A                                           ; Untyped                                            ;
; MAXIMUM_DEPTH                      ; 0                                                ; Untyped                                            ;
; CLOCK_ENABLE_INPUT_A               ; NORMAL                                           ; Untyped                                            ;
; CLOCK_ENABLE_INPUT_B               ; NORMAL                                           ; Untyped                                            ;
; CLOCK_ENABLE_OUTPUT_A              ; NORMAL                                           ; Untyped                                            ;
; CLOCK_ENABLE_OUTPUT_B              ; NORMAL                                           ; Untyped                                            ;
; CLOCK_ENABLE_CORE_A                ; USE_INPUT_CLKEN                                  ; Untyped                                            ;
; CLOCK_ENABLE_CORE_B                ; USE_INPUT_CLKEN                                  ; Untyped                                            ;
; ENABLE_ECC                         ; FALSE                                            ; Untyped                                            ;
; ECC_PIPELINE_STAGE_ENABLED         ; FALSE                                            ; Untyped                                            ;
; WIDTH_ECCSTATUS                    ; 3                                                ; Untyped                                            ;
; DEVICE_FAMILY                      ; Cyclone V                                        ; Untyped                                            ;
; CBXI_PARAMETER                     ; altsyncram_d1e1                                  ; Untyped                                            ;
+------------------------------------+--------------------------------------------------+----------------------------------------------------+
Note: In order to hide this table in the UI and the text report file, please set the "Show Parameter Settings in Synthesis Report" option in "Analysis and Synthesis Settings -> More Settings" to "Off".


+--------------------------------------------------------------------------------------------------------------------------------------------+
; Parameter Settings for Inferred Entity Instance: ga_engine_top:u_ga_core|trajectory_bank:u_traj|trajectory_rom:rom_z1|altsyncram:mem_rtl_0 ;
+------------------------------------+--------------------------------------------------+----------------------------------------------------+
; Parameter Name                     ; Value                                            ; Type                                               ;
+------------------------------------+--------------------------------------------------+----------------------------------------------------+
; BYTE_SIZE_BLOCK                    ; 8                                                ; Untyped                                            ;
; AUTO_CARRY_CHAINS                  ; ON                                               ; AUTO_CARRY                                         ;
; IGNORE_CARRY_BUFFERS               ; OFF                                              ; IGNORE_CARRY                                       ;
; AUTO_CASCADE_CHAINS                ; ON                                               ; AUTO_CASCADE                                       ;
; IGNORE_CASCADE_BUFFERS             ; OFF                                              ; IGNORE_CASCADE                                     ;
; WIDTH_BYTEENA                      ; 1                                                ; Untyped                                            ;
; OPERATION_MODE                     ; ROM                                              ; Untyped                                            ;
; WIDTH_A                            ; 16                                               ; Untyped                                            ;
; WIDTHAD_A                          ; 9                                                ; Untyped                                            ;
; NUMWORDS_A                         ; 300                                              ; Untyped                                            ;
; OUTDATA_REG_A                      ; UNREGISTERED                                     ; Untyped                                            ;
; ADDRESS_ACLR_A                     ; NONE                                             ; Untyped                                            ;
; OUTDATA_ACLR_A                     ; NONE                                             ; Untyped                                            ;
; WRCONTROL_ACLR_A                   ; NONE                                             ; Untyped                                            ;
; INDATA_ACLR_A                      ; NONE                                             ; Untyped                                            ;
; BYTEENA_ACLR_A                     ; NONE                                             ; Untyped                                            ;
; WIDTH_B                            ; 1                                                ; Untyped                                            ;
; WIDTHAD_B                          ; 1                                                ; Untyped                                            ;
; NUMWORDS_B                         ; 1                                                ; Untyped                                            ;
; INDATA_REG_B                       ; CLOCK1                                           ; Untyped                                            ;
; WRCONTROL_WRADDRESS_REG_B          ; CLOCK1                                           ; Untyped                                            ;
; RDCONTROL_REG_B                    ; CLOCK1                                           ; Untyped                                            ;
; ADDRESS_REG_B                      ; CLOCK1                                           ; Untyped                                            ;
; OUTDATA_REG_B                      ; UNREGISTERED                                     ; Untyped                                            ;
; BYTEENA_REG_B                      ; CLOCK1                                           ; Untyped                                            ;
; INDATA_ACLR_B                      ; NONE                                             ; Untyped                                            ;
; WRCONTROL_ACLR_B                   ; NONE                                             ; Untyped                                            ;
; ADDRESS_ACLR_B                     ; NONE                                             ; Untyped                                            ;
; OUTDATA_ACLR_B                     ; NONE                                             ; Untyped                                            ;
; RDCONTROL_ACLR_B                   ; NONE                                             ; Untyped                                            ;
; BYTEENA_ACLR_B                     ; NONE                                             ; Untyped                                            ;
; WIDTH_BYTEENA_A                    ; 1                                                ; Untyped                                            ;
; WIDTH_BYTEENA_B                    ; 1                                                ; Untyped                                            ;
; RAM_BLOCK_TYPE                     ; AUTO                                             ; Untyped                                            ;
; BYTE_SIZE                          ; 8                                                ; Untyped                                            ;
; READ_DURING_WRITE_MODE_MIXED_PORTS ; DONT_CARE                                        ; Untyped                                            ;
; READ_DURING_WRITE_MODE_PORT_A      ; NEW_DATA_NO_NBE_READ                             ; Untyped                                            ;
; READ_DURING_WRITE_MODE_PORT_B      ; NEW_DATA_NO_NBE_READ                             ; Untyped                                            ;
; INIT_FILE                          ; db/Genetico.ram0_trajectory_rom_2cc30693.hdl.mif ; Untyped                                            ;
; INIT_FILE_LAYOUT                   ; PORT_A                                           ; Untyped                                            ;
; MAXIMUM_DEPTH                      ; 0                                                ; Untyped                                            ;
; CLOCK_ENABLE_INPUT_A               ; NORMAL                                           ; Untyped                                            ;
; CLOCK_ENABLE_INPUT_B               ; NORMAL                                           ; Untyped                                            ;
; CLOCK_ENABLE_OUTPUT_A              ; NORMAL                                           ; Untyped                                            ;
; CLOCK_ENABLE_OUTPUT_B              ; NORMAL                                           ; Untyped                                            ;
; CLOCK_ENABLE_CORE_A                ; USE_INPUT_CLKEN                                  ; Untyped                                            ;
; CLOCK_ENABLE_CORE_B                ; USE_INPUT_CLKEN                                  ; Untyped                                            ;
; ENABLE_ECC                         ; FALSE                                            ; Untyped                                            ;
; ECC_PIPELINE_STAGE_ENABLED         ; FALSE                                            ; Untyped                                            ;
; WIDTH_ECCSTATUS                    ; 3                                                ; Untyped                                            ;
; DEVICE_FAMILY                      ; Cyclone V                                        ; Untyped                                            ;
; CBXI_PARAMETER                     ; altsyncram_rvd1                                  ; Untyped                                            ;
+------------------------------------+--------------------------------------------------+----------------------------------------------------+
Note: In order to hide this table in the UI and the text report file, please set the "Show Parameter Settings in Synthesis Report" option in "Analysis and Synthesis Settings -> More Settings" to "Off".


+--------------------------------------------------------------------------------------------------------------------------------------------+
; Parameter Settings for Inferred Entity Instance: ga_engine_top:u_ga_core|trajectory_bank:u_traj|trajectory_rom:rom_y1|altsyncram:mem_rtl_0 ;
+------------------------------------+--------------------------------------------------+----------------------------------------------------+
; Parameter Name                     ; Value                                            ; Type                                               ;
+------------------------------------+--------------------------------------------------+----------------------------------------------------+
; BYTE_SIZE_BLOCK                    ; 8                                                ; Untyped                                            ;
; AUTO_CARRY_CHAINS                  ; ON                                               ; AUTO_CARRY                                         ;
; IGNORE_CARRY_BUFFERS               ; OFF                                              ; IGNORE_CARRY                                       ;
; AUTO_CASCADE_CHAINS                ; ON                                               ; AUTO_CASCADE                                       ;
; IGNORE_CASCADE_BUFFERS             ; OFF                                              ; IGNORE_CASCADE                                     ;
; WIDTH_BYTEENA                      ; 1                                                ; Untyped                                            ;
; OPERATION_MODE                     ; ROM                                              ; Untyped                                            ;
; WIDTH_A                            ; 16                                               ; Untyped                                            ;
; WIDTHAD_A                          ; 9                                                ; Untyped                                            ;
; NUMWORDS_A                         ; 300                                              ; Untyped                                            ;
; OUTDATA_REG_A                      ; UNREGISTERED                                     ; Untyped                                            ;
; ADDRESS_ACLR_A                     ; NONE                                             ; Untyped                                            ;
; OUTDATA_ACLR_A                     ; NONE                                             ; Untyped                                            ;
; WRCONTROL_ACLR_A                   ; NONE                                             ; Untyped                                            ;
; INDATA_ACLR_A                      ; NONE                                             ; Untyped                                            ;
; BYTEENA_ACLR_A                     ; NONE                                             ; Untyped                                            ;
; WIDTH_B                            ; 1                                                ; Untyped                                            ;
; WIDTHAD_B                          ; 1                                                ; Untyped                                            ;
; NUMWORDS_B                         ; 1                                                ; Untyped                                            ;
; INDATA_REG_B                       ; CLOCK1                                           ; Untyped                                            ;
; WRCONTROL_WRADDRESS_REG_B          ; CLOCK1                                           ; Untyped                                            ;
; RDCONTROL_REG_B                    ; CLOCK1                                           ; Untyped                                            ;
; ADDRESS_REG_B                      ; CLOCK1                                           ; Untyped                                            ;
; OUTDATA_REG_B                      ; UNREGISTERED                                     ; Untyped                                            ;
; BYTEENA_REG_B                      ; CLOCK1                                           ; Untyped                                            ;
; INDATA_ACLR_B                      ; NONE                                             ; Untyped                                            ;
; WRCONTROL_ACLR_B                   ; NONE                                             ; Untyped                                            ;
; ADDRESS_ACLR_B                     ; NONE                                             ; Untyped                                            ;
; OUTDATA_ACLR_B                     ; NONE                                             ; Untyped                                            ;
; RDCONTROL_ACLR_B                   ; NONE                                             ; Untyped                                            ;
; BYTEENA_ACLR_B                     ; NONE                                             ; Untyped                                            ;
; WIDTH_BYTEENA_A                    ; 1                                                ; Untyped                                            ;
; WIDTH_BYTEENA_B                    ; 1                                                ; Untyped                                            ;
; RAM_BLOCK_TYPE                     ; AUTO                                             ; Untyped                                            ;
; BYTE_SIZE                          ; 8                                                ; Untyped                                            ;
; READ_DURING_WRITE_MODE_MIXED_PORTS ; DONT_CARE                                        ; Untyped                                            ;
; READ_DURING_WRITE_MODE_PORT_A      ; NEW_DATA_NO_NBE_READ                             ; Untyped                                            ;
; READ_DURING_WRITE_MODE_PORT_B      ; NEW_DATA_NO_NBE_READ                             ; Untyped                                            ;
; INIT_FILE                          ; db/Genetico.ram0_trajectory_rom_c64d4822.hdl.mif ; Untyped                                            ;
; INIT_FILE_LAYOUT                   ; PORT_A                                           ; Untyped                                            ;
; MAXIMUM_DEPTH                      ; 0                                                ; Untyped                                            ;
; CLOCK_ENABLE_INPUT_A               ; NORMAL                                           ; Untyped                                            ;
; CLOCK_ENABLE_INPUT_B               ; NORMAL                                           ; Untyped                                            ;
; CLOCK_ENABLE_OUTPUT_A              ; NORMAL                                           ; Untyped                                            ;
; CLOCK_ENABLE_OUTPUT_B              ; NORMAL                                           ; Untyped                                            ;
; CLOCK_ENABLE_CORE_A                ; USE_INPUT_CLKEN                                  ; Untyped                                            ;
; CLOCK_ENABLE_CORE_B                ; USE_INPUT_CLKEN                                  ; Untyped                                            ;
; ENABLE_ECC                         ; FALSE                                            ; Untyped                                            ;
; ECC_PIPELINE_STAGE_ENABLED         ; FALSE                                            ; Untyped                                            ;
; WIDTH_ECCSTATUS                    ; 3                                                ; Untyped                                            ;
; DEVICE_FAMILY                      ; Cyclone V                                        ; Untyped                                            ;
; CBXI_PARAMETER                     ; altsyncram_vvd1                                  ; Untyped                                            ;
+------------------------------------+--------------------------------------------------+----------------------------------------------------+
Note: In order to hide this table in the UI and the text report file, please set the "Show Parameter Settings in Synthesis Report" option in "Analysis and Synthesis Settings -> More Settings" to "Off".


+--------------------------------------------------------------------------------------------------------------------------------------------+
; Parameter Settings for Inferred Entity Instance: ga_engine_top:u_ga_core|trajectory_bank:u_traj|trajectory_rom:rom_x1|altsyncram:mem_rtl_0 ;
+------------------------------------+--------------------------------------------------+----------------------------------------------------+
; Parameter Name                     ; Value                                            ; Type                                               ;
+------------------------------------+--------------------------------------------------+----------------------------------------------------+
; BYTE_SIZE_BLOCK                    ; 8                                                ; Untyped                                            ;
; AUTO_CARRY_CHAINS                  ; ON                                               ; AUTO_CARRY                                         ;
; IGNORE_CARRY_BUFFERS               ; OFF                                              ; IGNORE_CARRY                                       ;
; AUTO_CASCADE_CHAINS                ; ON                                               ; AUTO_CASCADE                                       ;
; IGNORE_CASCADE_BUFFERS             ; OFF                                              ; IGNORE_CASCADE                                     ;
; WIDTH_BYTEENA                      ; 1                                                ; Untyped                                            ;
; OPERATION_MODE                     ; ROM                                              ; Untyped                                            ;
; WIDTH_A                            ; 16                                               ; Untyped                                            ;
; WIDTHAD_A                          ; 9                                                ; Untyped                                            ;
; NUMWORDS_A                         ; 300                                              ; Untyped                                            ;
; OUTDATA_REG_A                      ; UNREGISTERED                                     ; Untyped                                            ;
; ADDRESS_ACLR_A                     ; NONE                                             ; Untyped                                            ;
; OUTDATA_ACLR_A                     ; NONE                                             ; Untyped                                            ;
; WRCONTROL_ACLR_A                   ; NONE                                             ; Untyped                                            ;
; INDATA_ACLR_A                      ; NONE                                             ; Untyped                                            ;
; BYTEENA_ACLR_A                     ; NONE                                             ; Untyped                                            ;
; WIDTH_B                            ; 1                                                ; Untyped                                            ;
; WIDTHAD_B                          ; 1                                                ; Untyped                                            ;
; NUMWORDS_B                         ; 1                                                ; Untyped                                            ;
; INDATA_REG_B                       ; CLOCK1                                           ; Untyped                                            ;
; WRCONTROL_WRADDRESS_REG_B          ; CLOCK1                                           ; Untyped                                            ;
; RDCONTROL_REG_B                    ; CLOCK1                                           ; Untyped                                            ;
; ADDRESS_REG_B                      ; CLOCK1                                           ; Untyped                                            ;
; OUTDATA_REG_B                      ; UNREGISTERED                                     ; Untyped                                            ;
; BYTEENA_REG_B                      ; CLOCK1                                           ; Untyped                                            ;
; INDATA_ACLR_B                      ; NONE                                             ; Untyped                                            ;
; WRCONTROL_ACLR_B                   ; NONE                                             ; Untyped                                            ;
; ADDRESS_ACLR_B                     ; NONE                                             ; Untyped                                            ;
; OUTDATA_ACLR_B                     ; NONE                                             ; Untyped                                            ;
; RDCONTROL_ACLR_B                   ; NONE                                             ; Untyped                                            ;
; BYTEENA_ACLR_B                     ; NONE                                             ; Untyped                                            ;
; WIDTH_BYTEENA_A                    ; 1                                                ; Untyped                                            ;
; WIDTH_BYTEENA_B                    ; 1                                                ; Untyped                                            ;
; RAM_BLOCK_TYPE                     ; AUTO                                             ; Untyped                                            ;
; BYTE_SIZE                          ; 8                                                ; Untyped                                            ;
; READ_DURING_WRITE_MODE_MIXED_PORTS ; DONT_CARE                                        ; Untyped                                            ;
; READ_DURING_WRITE_MODE_PORT_A      ; NEW_DATA_NO_NBE_READ                             ; Untyped                                            ;
; READ_DURING_WRITE_MODE_PORT_B      ; NEW_DATA_NO_NBE_READ                             ; Untyped                                            ;
; INIT_FILE                          ; db/Genetico.ram0_trajectory_rom_d8f05766.hdl.mif ; Untyped                                            ;
; INIT_FILE_LAYOUT                   ; PORT_A                                           ; Untyped                                            ;
; MAXIMUM_DEPTH                      ; 0                                                ; Untyped                                            ;
; CLOCK_ENABLE_INPUT_A               ; NORMAL                                           ; Untyped                                            ;
; CLOCK_ENABLE_INPUT_B               ; NORMAL                                           ; Untyped                                            ;
; CLOCK_ENABLE_OUTPUT_A              ; NORMAL                                           ; Untyped                                            ;
; CLOCK_ENABLE_OUTPUT_B              ; NORMAL                                           ; Untyped                                            ;
; CLOCK_ENABLE_CORE_A                ; USE_INPUT_CLKEN                                  ; Untyped                                            ;
; CLOCK_ENABLE_CORE_B                ; USE_INPUT_CLKEN                                  ; Untyped                                            ;
; ENABLE_ECC                         ; FALSE                                            ; Untyped                                            ;
; ECC_PIPELINE_STAGE_ENABLED         ; FALSE                                            ; Untyped                                            ;
; WIDTH_ECCSTATUS                    ; 3                                                ; Untyped                                            ;
; DEVICE_FAMILY                      ; Cyclone V                                        ; Untyped                                            ;
; CBXI_PARAMETER                     ; altsyncram_80e1                                  ; Untyped                                            ;
+------------------------------------+--------------------------------------------------+----------------------------------------------------+
Note: In order to hide this table in the UI and the text report file, please set the "Show Parameter Settings in Synthesis Report" option in "Analysis and Synthesis Settings -> More Settings" to "Off".


+--------------------------------------------------------------------------------------------------------------------------------------------+
; Parameter Settings for Inferred Entity Instance: ga_engine_top:u_ga_core|trajectory_bank:u_traj|trajectory_rom:rom_z0|altsyncram:mem_rtl_0 ;
+------------------------------------+--------------------------------------------------+----------------------------------------------------+
; Parameter Name                     ; Value                                            ; Type                                               ;
+------------------------------------+--------------------------------------------------+----------------------------------------------------+
; BYTE_SIZE_BLOCK                    ; 8                                                ; Untyped                                            ;
; AUTO_CARRY_CHAINS                  ; ON                                               ; AUTO_CARRY                                         ;
; IGNORE_CARRY_BUFFERS               ; OFF                                              ; IGNORE_CARRY                                       ;
; AUTO_CASCADE_CHAINS                ; ON                                               ; AUTO_CASCADE                                       ;
; IGNORE_CASCADE_BUFFERS             ; OFF                                              ; IGNORE_CASCADE                                     ;
; WIDTH_BYTEENA                      ; 1                                                ; Untyped                                            ;
; OPERATION_MODE                     ; ROM                                              ; Untyped                                            ;
; WIDTH_A                            ; 16                                               ; Untyped                                            ;
; WIDTHAD_A                          ; 9                                                ; Untyped                                            ;
; NUMWORDS_A                         ; 300                                              ; Untyped                                            ;
; OUTDATA_REG_A                      ; UNREGISTERED                                     ; Untyped                                            ;
; ADDRESS_ACLR_A                     ; NONE                                             ; Untyped                                            ;
; OUTDATA_ACLR_A                     ; NONE                                             ; Untyped                                            ;
; WRCONTROL_ACLR_A                   ; NONE                                             ; Untyped                                            ;
; INDATA_ACLR_A                      ; NONE                                             ; Untyped                                            ;
; BYTEENA_ACLR_A                     ; NONE                                             ; Untyped                                            ;
; WIDTH_B                            ; 1                                                ; Untyped                                            ;
; WIDTHAD_B                          ; 1                                                ; Untyped                                            ;
; NUMWORDS_B                         ; 1                                                ; Untyped                                            ;
; INDATA_REG_B                       ; CLOCK1                                           ; Untyped                                            ;
; WRCONTROL_WRADDRESS_REG_B          ; CLOCK1                                           ; Untyped                                            ;
; RDCONTROL_REG_B                    ; CLOCK1                                           ; Untyped                                            ;
; ADDRESS_REG_B                      ; CLOCK1                                           ; Untyped                                            ;
; OUTDATA_REG_B                      ; UNREGISTERED                                     ; Untyped                                            ;
; BYTEENA_REG_B                      ; CLOCK1                                           ; Untyped                                            ;
; INDATA_ACLR_B                      ; NONE                                             ; Untyped                                            ;
; WRCONTROL_ACLR_B                   ; NONE                                             ; Untyped                                            ;
; ADDRESS_ACLR_B                     ; NONE                                             ; Untyped                                            ;
; OUTDATA_ACLR_B                     ; NONE                                             ; Untyped                                            ;
; RDCONTROL_ACLR_B                   ; NONE                                             ; Untyped                                            ;
; BYTEENA_ACLR_B                     ; NONE                                             ; Untyped                                            ;
; WIDTH_BYTEENA_A                    ; 1                                                ; Untyped                                            ;
; WIDTH_BYTEENA_B                    ; 1                                                ; Untyped                                            ;
; RAM_BLOCK_TYPE                     ; AUTO                                             ; Untyped                                            ;
; BYTE_SIZE                          ; 8                                                ; Untyped                                            ;
; READ_DURING_WRITE_MODE_MIXED_PORTS ; DONT_CARE                                        ; Untyped                                            ;
; READ_DURING_WRITE_MODE_PORT_A      ; NEW_DATA_NO_NBE_READ                             ; Untyped                                            ;
; READ_DURING_WRITE_MODE_PORT_B      ; NEW_DATA_NO_NBE_READ                             ; Untyped                                            ;
; INIT_FILE                          ; db/Genetico.ram0_trajectory_rom_4a1d977a.hdl.mif ; Untyped                                            ;
; INIT_FILE_LAYOUT                   ; PORT_A                                           ; Untyped                                            ;
; MAXIMUM_DEPTH                      ; 0                                                ; Untyped                                            ;
; CLOCK_ENABLE_INPUT_A               ; NORMAL                                           ; Untyped                                            ;
; CLOCK_ENABLE_INPUT_B               ; NORMAL                                           ; Untyped                                            ;
; CLOCK_ENABLE_OUTPUT_A              ; NORMAL                                           ; Untyped                                            ;
; CLOCK_ENABLE_OUTPUT_B              ; NORMAL                                           ; Untyped                                            ;
; CLOCK_ENABLE_CORE_A                ; USE_INPUT_CLKEN                                  ; Untyped                                            ;
; CLOCK_ENABLE_CORE_B                ; USE_INPUT_CLKEN                                  ; Untyped                                            ;
; ENABLE_ECC                         ; FALSE                                            ; Untyped                                            ;
; ECC_PIPELINE_STAGE_ENABLED         ; FALSE                                            ; Untyped                                            ;
; WIDTH_ECCSTATUS                    ; 3                                                ; Untyped                                            ;
; DEVICE_FAMILY                      ; Cyclone V                                        ; Untyped                                            ;
; CBXI_PARAMETER                     ; altsyncram_g1e1                                  ; Untyped                                            ;
+------------------------------------+--------------------------------------------------+----------------------------------------------------+
Note: In order to hide this table in the UI and the text report file, please set the "Show Parameter Settings in Synthesis Report" option in "Analysis and Synthesis Settings -> More Settings" to "Off".


+--------------------------------------------------------------------------------------------------------------------------------------------+
; Parameter Settings for Inferred Entity Instance: ga_engine_top:u_ga_core|trajectory_bank:u_traj|trajectory_rom:rom_y0|altsyncram:mem_rtl_0 ;
+------------------------------------+--------------------------------------------------+----------------------------------------------------+
; Parameter Name                     ; Value                                            ; Type                                               ;
+------------------------------------+--------------------------------------------------+----------------------------------------------------+
; BYTE_SIZE_BLOCK                    ; 8                                                ; Untyped                                            ;
; AUTO_CARRY_CHAINS                  ; ON                                               ; AUTO_CARRY                                         ;
; IGNORE_CARRY_BUFFERS               ; OFF                                              ; IGNORE_CARRY                                       ;
; AUTO_CASCADE_CHAINS                ; ON                                               ; AUTO_CASCADE                                       ;
; IGNORE_CASCADE_BUFFERS             ; OFF                                              ; IGNORE_CASCADE                                     ;
; WIDTH_BYTEENA                      ; 1                                                ; Untyped                                            ;
; OPERATION_MODE                     ; ROM                                              ; Untyped                                            ;
; WIDTH_A                            ; 16                                               ; Untyped                                            ;
; WIDTHAD_A                          ; 9                                                ; Untyped                                            ;
; NUMWORDS_A                         ; 300                                              ; Untyped                                            ;
; OUTDATA_REG_A                      ; UNREGISTERED                                     ; Untyped                                            ;
; ADDRESS_ACLR_A                     ; NONE                                             ; Untyped                                            ;
; OUTDATA_ACLR_A                     ; NONE                                             ; Untyped                                            ;
; WRCONTROL_ACLR_A                   ; NONE                                             ; Untyped                                            ;
; INDATA_ACLR_A                      ; NONE                                             ; Untyped                                            ;
; BYTEENA_ACLR_A                     ; NONE                                             ; Untyped                                            ;
; WIDTH_B                            ; 1                                                ; Untyped                                            ;
; WIDTHAD_B                          ; 1                                                ; Untyped                                            ;
; NUMWORDS_B                         ; 1                                                ; Untyped                                            ;
; INDATA_REG_B                       ; CLOCK1                                           ; Untyped                                            ;
; WRCONTROL_WRADDRESS_REG_B          ; CLOCK1                                           ; Untyped                                            ;
; RDCONTROL_REG_B                    ; CLOCK1                                           ; Untyped                                            ;
; ADDRESS_REG_B                      ; CLOCK1                                           ; Untyped                                            ;
; OUTDATA_REG_B                      ; UNREGISTERED                                     ; Untyped                                            ;
; BYTEENA_REG_B                      ; CLOCK1                                           ; Untyped                                            ;
; INDATA_ACLR_B                      ; NONE                                             ; Untyped                                            ;
; WRCONTROL_ACLR_B                   ; NONE                                             ; Untyped                                            ;
; ADDRESS_ACLR_B                     ; NONE                                             ; Untyped                                            ;
; OUTDATA_ACLR_B                     ; NONE                                             ; Untyped                                            ;
; RDCONTROL_ACLR_B                   ; NONE                                             ; Untyped                                            ;
; BYTEENA_ACLR_B                     ; NONE                                             ; Untyped                                            ;
; WIDTH_BYTEENA_A                    ; 1                                                ; Untyped                                            ;
; WIDTH_BYTEENA_B                    ; 1                                                ; Untyped                                            ;
; RAM_BLOCK_TYPE                     ; AUTO                                             ; Untyped                                            ;
; BYTE_SIZE                          ; 8                                                ; Untyped                                            ;
; READ_DURING_WRITE_MODE_MIXED_PORTS ; DONT_CARE                                        ; Untyped                                            ;
; READ_DURING_WRITE_MODE_PORT_A      ; NEW_DATA_NO_NBE_READ                             ; Untyped                                            ;
; READ_DURING_WRITE_MODE_PORT_B      ; NEW_DATA_NO_NBE_READ                             ; Untyped                                            ;
; INIT_FILE                          ; db/Genetico.ram0_trajectory_rom_bc71d453.hdl.mif ; Untyped                                            ;
; INIT_FILE_LAYOUT                   ; PORT_A                                           ; Untyped                                            ;
; MAXIMUM_DEPTH                      ; 0                                                ; Untyped                                            ;
; CLOCK_ENABLE_INPUT_A               ; NORMAL                                           ; Untyped                                            ;
; CLOCK_ENABLE_INPUT_B               ; NORMAL                                           ; Untyped                                            ;
; CLOCK_ENABLE_OUTPUT_A              ; NORMAL                                           ; Untyped                                            ;
; CLOCK_ENABLE_OUTPUT_B              ; NORMAL                                           ; Untyped                                            ;
; CLOCK_ENABLE_CORE_A                ; USE_INPUT_CLKEN                                  ; Untyped                                            ;
; CLOCK_ENABLE_CORE_B                ; USE_INPUT_CLKEN                                  ; Untyped                                            ;
; ENABLE_ECC                         ; FALSE                                            ; Untyped                                            ;
; ECC_PIPELINE_STAGE_ENABLED         ; FALSE                                            ; Untyped                                            ;
; WIDTH_ECCSTATUS                    ; 3                                                ; Untyped                                            ;
; DEVICE_FAMILY                      ; Cyclone V                                        ; Untyped                                            ;
; CBXI_PARAMETER                     ; altsyncram_b1e1                                  ; Untyped                                            ;
+------------------------------------+--------------------------------------------------+----------------------------------------------------+
Note: In order to hide this table in the UI and the text report file, please set the "Show Parameter Settings in Synthesis Report" option in "Analysis and Synthesis Settings -> More Settings" to "Off".


+--------------------------------------------------------------------------------------------------------------------------------------------+
; Parameter Settings for Inferred Entity Instance: ga_engine_top:u_ga_core|trajectory_bank:u_traj|trajectory_rom:rom_x0|altsyncram:mem_rtl_0 ;
+------------------------------------+--------------------------------------------------+----------------------------------------------------+
; Parameter Name                     ; Value                                            ; Type                                               ;
+------------------------------------+--------------------------------------------------+----------------------------------------------------+
; BYTE_SIZE_BLOCK                    ; 8                                                ; Untyped                                            ;
; AUTO_CARRY_CHAINS                  ; ON                                               ; AUTO_CARRY                                         ;
; IGNORE_CARRY_BUFFERS               ; OFF                                              ; IGNORE_CARRY                                       ;
; AUTO_CASCADE_CHAINS                ; ON                                               ; AUTO_CASCADE                                       ;
; IGNORE_CASCADE_BUFFERS             ; OFF                                              ; IGNORE_CASCADE                                     ;
; WIDTH_BYTEENA                      ; 1                                                ; Untyped                                            ;
; OPERATION_MODE                     ; ROM                                              ; Untyped                                            ;
; WIDTH_A                            ; 16                                               ; Untyped                                            ;
; WIDTHAD_A                          ; 9                                                ; Untyped                                            ;
; NUMWORDS_A                         ; 300                                              ; Untyped                                            ;
; OUTDATA_REG_A                      ; UNREGISTERED                                     ; Untyped                                            ;
; ADDRESS_ACLR_A                     ; NONE                                             ; Untyped                                            ;
; OUTDATA_ACLR_A                     ; NONE                                             ; Untyped                                            ;
; WRCONTROL_ACLR_A                   ; NONE                                             ; Untyped                                            ;
; INDATA_ACLR_A                      ; NONE                                             ; Untyped                                            ;
; BYTEENA_ACLR_A                     ; NONE                                             ; Untyped                                            ;
; WIDTH_B                            ; 1                                                ; Untyped                                            ;
; WIDTHAD_B                          ; 1                                                ; Untyped                                            ;
; NUMWORDS_B                         ; 1                                                ; Untyped                                            ;
; INDATA_REG_B                       ; CLOCK1                                           ; Untyped                                            ;
; WRCONTROL_WRADDRESS_REG_B          ; CLOCK1                                           ; Untyped                                            ;
; RDCONTROL_REG_B                    ; CLOCK1                                           ; Untyped                                            ;
; ADDRESS_REG_B                      ; CLOCK1                                           ; Untyped                                            ;
; OUTDATA_REG_B                      ; UNREGISTERED                                     ; Untyped                                            ;
; BYTEENA_REG_B                      ; CLOCK1                                           ; Untyped                                            ;
; INDATA_ACLR_B                      ; NONE                                             ; Untyped                                            ;
; WRCONTROL_ACLR_B                   ; NONE                                             ; Untyped                                            ;
; ADDRESS_ACLR_B                     ; NONE                                             ; Untyped                                            ;
; OUTDATA_ACLR_B                     ; NONE                                             ; Untyped                                            ;
; RDCONTROL_ACLR_B                   ; NONE                                             ; Untyped                                            ;
; BYTEENA_ACLR_B                     ; NONE                                             ; Untyped                                            ;
; WIDTH_BYTEENA_A                    ; 1                                                ; Untyped                                            ;
; WIDTH_BYTEENA_B                    ; 1                                                ; Untyped                                            ;
; RAM_BLOCK_TYPE                     ; AUTO                                             ; Untyped                                            ;
; BYTE_SIZE                          ; 8                                                ; Untyped                                            ;
; READ_DURING_WRITE_MODE_MIXED_PORTS ; DONT_CARE                                        ; Untyped                                            ;
; READ_DURING_WRITE_MODE_PORT_A      ; NEW_DATA_NO_NBE_READ                             ; Untyped                                            ;
; READ_DURING_WRITE_MODE_PORT_B      ; NEW_DATA_NO_NBE_READ                             ; Untyped                                            ;
; INIT_FILE                          ; db/Genetico.ram0_trajectory_rom_4fe67a62.hdl.mif ; Untyped                                            ;
; INIT_FILE_LAYOUT                   ; PORT_A                                           ; Untyped                                            ;
; MAXIMUM_DEPTH                      ; 0                                                ; Untyped                                            ;
; CLOCK_ENABLE_INPUT_A               ; NORMAL                                           ; Untyped                                            ;
; CLOCK_ENABLE_INPUT_B               ; NORMAL                                           ; Untyped                                            ;
; CLOCK_ENABLE_OUTPUT_A              ; NORMAL                                           ; Untyped                                            ;
; CLOCK_ENABLE_OUTPUT_B              ; NORMAL                                           ; Untyped                                            ;
; CLOCK_ENABLE_CORE_A                ; USE_INPUT_CLKEN                                  ; Untyped                                            ;
; CLOCK_ENABLE_CORE_B                ; USE_INPUT_CLKEN                                  ; Untyped                                            ;
; ENABLE_ECC                         ; FALSE                                            ; Untyped                                            ;
; ECC_PIPELINE_STAGE_ENABLED         ; FALSE                                            ; Untyped                                            ;
; WIDTH_ECCSTATUS                    ; 3                                                ; Untyped                                            ;
; DEVICE_FAMILY                      ; Cyclone V                                        ; Untyped                                            ;
; CBXI_PARAMETER                     ; altsyncram_j1e1                                  ; Untyped                                            ;
+------------------------------------+--------------------------------------------------+----------------------------------------------------+
Note: In order to hide this table in the UI and the text report file, please set the "Show Parameter Settings in Synthesis Report" option in "Analysis and Synthesis Settings -> More Settings" to "Off".


+------------------------------------------------------------------------------------------+
; Parameter Settings for Inferred Entity Instance: ga_engine_top:u_ga_core|lpm_divide:Div0 ;
+------------------------+----------------+------------------------------------------------+
; Parameter Name         ; Value          ; Type                                           ;
+------------------------+----------------+------------------------------------------------+
; LPM_WIDTHN             ; 64             ; Untyped                                        ;
; LPM_WIDTHD             ; 9              ; Untyped                                        ;
; LPM_NREPRESENTATION    ; UNSIGNED       ; Untyped                                        ;
; LPM_DREPRESENTATION    ; UNSIGNED       ; Untyped                                        ;
; LPM_PIPELINE           ; 0              ; Untyped                                        ;
; LPM_REMAINDERPOSITIVE  ; TRUE           ; Untyped                                        ;
; MAXIMIZE_SPEED         ; 5              ; Untyped                                        ;
; CBXI_PARAMETER         ; lpm_divide_sbm ; Untyped                                        ;
; CARRY_CHAIN            ; MANUAL         ; Untyped                                        ;
; OPTIMIZE_FOR_SPEED     ; 5              ; Untyped                                        ;
; AUTO_CARRY_CHAINS      ; ON             ; AUTO_CARRY                                     ;
; IGNORE_CARRY_BUFFERS   ; OFF            ; IGNORE_CARRY                                   ;
; AUTO_CASCADE_CHAINS    ; ON             ; AUTO_CASCADE                                   ;
; IGNORE_CASCADE_BUFFERS ; OFF            ; IGNORE_CASCADE                                 ;
+------------------------+----------------+------------------------------------------------+
Note: In order to hide this table in the UI and the text report file, please set the "Show Parameter Settings in Synthesis Report" option in "Analysis and Synthesis Settings -> More Settings" to "Off".


+---------------------------------------------------------------------------------------------------------------------------------------+
; altsyncram Parameter Settings by Entity Instance                                                                                      ;
+-------------------------------------------+-------------------------------------------------------------------------------------------+
; Name                                      ; Value                                                                                     ;
+-------------------------------------------+-------------------------------------------------------------------------------------------+
; Number of entity instances                ; 13                                                                                        ;
; Entity Instance                           ; ga_engine_top:u_ga_core|altsyncram:fitness_rtl_0                                          ;
;     -- OPERATION_MODE                     ; DUAL_PORT                                                                                 ;
;     -- WIDTH_A                            ; 32                                                                                        ;
;     -- NUMWORDS_A                         ; 32                                                                                        ;
;     -- OUTDATA_REG_A                      ; UNREGISTERED                                                                              ;
;     -- WIDTH_B                            ; 32                                                                                        ;
;     -- NUMWORDS_B                         ; 32                                                                                        ;
;     -- ADDRESS_REG_B                      ; CLOCK0                                                                                    ;
;     -- OUTDATA_REG_B                      ; UNREGISTERED                                                                              ;
;     -- RAM_BLOCK_TYPE                     ; AUTO                                                                                      ;
;     -- READ_DURING_WRITE_MODE_MIXED_PORTS ; OLD_DATA                                                                                  ;
; Entity Instance                           ; ga_engine_top:u_ga_core|trajectory_bank:u_traj|trajectory_rom:rom_z3|altsyncram:mem_rtl_0 ;
;     -- OPERATION_MODE                     ; ROM                                                                                       ;
;     -- WIDTH_A                            ; 16                                                                                        ;
;     -- NUMWORDS_A                         ; 300                                                                                       ;
;     -- OUTDATA_REG_A                      ; UNREGISTERED                                                                              ;
;     -- WIDTH_B                            ; 1                                                                                         ;
;     -- NUMWORDS_B                         ; 1                                                                                         ;
;     -- ADDRESS_REG_B                      ; CLOCK1                                                                                    ;
;     -- OUTDATA_REG_B                      ; UNREGISTERED                                                                              ;
;     -- RAM_BLOCK_TYPE                     ; AUTO                                                                                      ;
;     -- READ_DURING_WRITE_MODE_MIXED_PORTS ; DONT_CARE                                                                                 ;
; Entity Instance                           ; ga_engine_top:u_ga_core|trajectory_bank:u_traj|trajectory_rom:rom_y3|altsyncram:mem_rtl_0 ;
;     -- OPERATION_MODE                     ; ROM                                                                                       ;
;     -- WIDTH_A                            ; 16                                                                                        ;
;     -- NUMWORDS_A                         ; 300                                                                                       ;
;     -- OUTDATA_REG_A                      ; UNREGISTERED                                                                              ;
;     -- WIDTH_B                            ; 1                                                                                         ;
;     -- NUMWORDS_B                         ; 1                                                                                         ;
;     -- ADDRESS_REG_B                      ; CLOCK1                                                                                    ;
;     -- OUTDATA_REG_B                      ; UNREGISTERED                                                                              ;
;     -- RAM_BLOCK_TYPE                     ; AUTO                                                                                      ;
;     -- READ_DURING_WRITE_MODE_MIXED_PORTS ; DONT_CARE                                                                                 ;
; Entity Instance                           ; ga_engine_top:u_ga_core|trajectory_bank:u_traj|trajectory_rom:rom_x3|altsyncram:mem_rtl_0 ;
;     -- OPERATION_MODE                     ; ROM                                                                                       ;
;     -- WIDTH_A                            ; 16                                                                                        ;
;     -- NUMWORDS_A                         ; 300                                                                                       ;
;     -- OUTDATA_REG_A                      ; UNREGISTERED                                                                              ;
;     -- WIDTH_B                            ; 1                                                                                         ;
;     -- NUMWORDS_B                         ; 1                                                                                         ;
;     -- ADDRESS_REG_B                      ; CLOCK1                                                                                    ;
;     -- OUTDATA_REG_B                      ; UNREGISTERED                                                                              ;
;     -- RAM_BLOCK_TYPE                     ; AUTO                                                                                      ;
;     -- READ_DURING_WRITE_MODE_MIXED_PORTS ; DONT_CARE                                                                                 ;
; Entity Instance                           ; ga_engine_top:u_ga_core|trajectory_bank:u_traj|trajectory_rom:rom_z2|altsyncram:mem_rtl_0 ;
;     -- OPERATION_MODE                     ; ROM                                                                                       ;
;     -- WIDTH_A                            ; 16                                                                                        ;
;     -- NUMWORDS_A                         ; 300                                                                                       ;
;     -- OUTDATA_REG_A                      ; UNREGISTERED                                                                              ;
;     -- WIDTH_B                            ; 1                                                                                         ;
;     -- NUMWORDS_B                         ; 1                                                                                         ;
;     -- ADDRESS_REG_B                      ; CLOCK1                                                                                    ;
;     -- OUTDATA_REG_B                      ; UNREGISTERED                                                                              ;
;     -- RAM_BLOCK_TYPE                     ; AUTO                                                                                      ;
;     -- READ_DURING_WRITE_MODE_MIXED_PORTS ; DONT_CARE                                                                                 ;
; Entity Instance                           ; ga_engine_top:u_ga_core|trajectory_bank:u_traj|trajectory_rom:rom_y2|altsyncram:mem_rtl_0 ;
;     -- OPERATION_MODE                     ; ROM                                                                                       ;
;     -- WIDTH_A                            ; 16                                                                                        ;
;     -- NUMWORDS_A                         ; 300                                                                                       ;
;     -- OUTDATA_REG_A                      ; UNREGISTERED                                                                              ;
;     -- WIDTH_B                            ; 1                                                                                         ;
;     -- NUMWORDS_B                         ; 1                                                                                         ;
;     -- ADDRESS_REG_B                      ; CLOCK1                                                                                    ;
;     -- OUTDATA_REG_B                      ; UNREGISTERED                                                                              ;
;     -- RAM_BLOCK_TYPE                     ; AUTO                                                                                      ;
;     -- READ_DURING_WRITE_MODE_MIXED_PORTS ; DONT_CARE                                                                                 ;
; Entity Instance                           ; ga_engine_top:u_ga_core|trajectory_bank:u_traj|trajectory_rom:rom_x2|altsyncram:mem_rtl_0 ;
;     -- OPERATION_MODE                     ; ROM                                                                                       ;
;     -- WIDTH_A                            ; 16                                                                                        ;
;     -- NUMWORDS_A                         ; 300                                                                                       ;
;     -- OUTDATA_REG_A                      ; UNREGISTERED                                                                              ;
;     -- WIDTH_B                            ; 1                                                                                         ;
;     -- NUMWORDS_B                         ; 1                                                                                         ;
;     -- ADDRESS_REG_B                      ; CLOCK1                                                                                    ;
;     -- OUTDATA_REG_B                      ; UNREGISTERED                                                                              ;
;     -- RAM_BLOCK_TYPE                     ; AUTO                                                                                      ;
;     -- READ_DURING_WRITE_MODE_MIXED_PORTS ; DONT_CARE                                                                                 ;
; Entity Instance                           ; ga_engine_top:u_ga_core|trajectory_bank:u_traj|trajectory_rom:rom_z1|altsyncram:mem_rtl_0 ;
;     -- OPERATION_MODE                     ; ROM                                                                                       ;
;     -- WIDTH_A                            ; 16                                                                                        ;
;     -- NUMWORDS_A                         ; 300                                                                                       ;
;     -- OUTDATA_REG_A                      ; UNREGISTERED                                                                              ;
;     -- WIDTH_B                            ; 1                                                                                         ;
;     -- NUMWORDS_B                         ; 1                                                                                         ;
;     -- ADDRESS_REG_B                      ; CLOCK1                                                                                    ;
;     -- OUTDATA_REG_B                      ; UNREGISTERED                                                                              ;
;     -- RAM_BLOCK_TYPE                     ; AUTO                                                                                      ;
;     -- READ_DURING_WRITE_MODE_MIXED_PORTS ; DONT_CARE                                                                                 ;
; Entity Instance                           ; ga_engine_top:u_ga_core|trajectory_bank:u_traj|trajectory_rom:rom_y1|altsyncram:mem_rtl_0 ;
;     -- OPERATION_MODE                     ; ROM                                                                                       ;
;     -- WIDTH_A                            ; 16                                                                                        ;
;     -- NUMWORDS_A                         ; 300                                                                                       ;
;     -- OUTDATA_REG_A                      ; UNREGISTERED                                                                              ;
;     -- WIDTH_B                            ; 1                                                                                         ;
;     -- NUMWORDS_B                         ; 1                                                                                         ;
;     -- ADDRESS_REG_B                      ; CLOCK1                                                                                    ;
;     -- OUTDATA_REG_B                      ; UNREGISTERED                                                                              ;
;     -- RAM_BLOCK_TYPE                     ; AUTO                                                                                      ;
;     -- READ_DURING_WRITE_MODE_MIXED_PORTS ; DONT_CARE                                                                                 ;
; Entity Instance                           ; ga_engine_top:u_ga_core|trajectory_bank:u_traj|trajectory_rom:rom_x1|altsyncram:mem_rtl_0 ;
;     -- OPERATION_MODE                     ; ROM                                                                                       ;
;     -- WIDTH_A                            ; 16                                                                                        ;
;     -- NUMWORDS_A                         ; 300                                                                                       ;
;     -- OUTDATA_REG_A                      ; UNREGISTERED                                                                              ;
;     -- WIDTH_B                            ; 1                                                                                         ;
;     -- NUMWORDS_B                         ; 1                                                                                         ;
;     -- ADDRESS_REG_B                      ; CLOCK1                                                                                    ;
;     -- OUTDATA_REG_B                      ; UNREGISTERED                                                                              ;
;     -- RAM_BLOCK_TYPE                     ; AUTO                                                                                      ;
;     -- READ_DURING_WRITE_MODE_MIXED_PORTS ; DONT_CARE                                                                                 ;
; Entity Instance                           ; ga_engine_top:u_ga_core|trajectory_bank:u_traj|trajectory_rom:rom_z0|altsyncram:mem_rtl_0 ;
;     -- OPERATION_MODE                     ; ROM                                                                                       ;
;     -- WIDTH_A                            ; 16                                                                                        ;
;     -- NUMWORDS_A                         ; 300                                                                                       ;
;     -- OUTDATA_REG_A                      ; UNREGISTERED                                                                              ;
;     -- WIDTH_B                            ; 1                                                                                         ;
;     -- NUMWORDS_B                         ; 1                                                                                         ;
;     -- ADDRESS_REG_B                      ; CLOCK1                                                                                    ;
;     -- OUTDATA_REG_B                      ; UNREGISTERED                                                                              ;
;     -- RAM_BLOCK_TYPE                     ; AUTO                                                                                      ;
;     -- READ_DURING_WRITE_MODE_MIXED_PORTS ; DONT_CARE                                                                                 ;
; Entity Instance                           ; ga_engine_top:u_ga_core|trajectory_bank:u_traj|trajectory_rom:rom_y0|altsyncram:mem_rtl_0 ;
;     -- OPERATION_MODE                     ; ROM                                                                                       ;
;     -- WIDTH_A                            ; 16                                                                                        ;
;     -- NUMWORDS_A                         ; 300                                                                                       ;
;     -- OUTDATA_REG_A                      ; UNREGISTERED                                                                              ;
;     -- WIDTH_B                            ; 1                                                                                         ;
;     -- NUMWORDS_B                         ; 1                                                                                         ;
;     -- ADDRESS_REG_B                      ; CLOCK1                                                                                    ;
;     -- OUTDATA_REG_B                      ; UNREGISTERED                                                                              ;
;     -- RAM_BLOCK_TYPE                     ; AUTO                                                                                      ;
;     -- READ_DURING_WRITE_MODE_MIXED_PORTS ; DONT_CARE                                                                                 ;
; Entity Instance                           ; ga_engine_top:u_ga_core|trajectory_bank:u_traj|trajectory_rom:rom_x0|altsyncram:mem_rtl_0 ;
;     -- OPERATION_MODE                     ; ROM                                                                                       ;
;     -- WIDTH_A                            ; 16                                                                                        ;
;     -- NUMWORDS_A                         ; 300                                                                                       ;
;     -- OUTDATA_REG_A                      ; UNREGISTERED                                                                              ;
;     -- WIDTH_B                            ; 1                                                                                         ;
;     -- NUMWORDS_B                         ; 1                                                                                         ;
;     -- ADDRESS_REG_B                      ; CLOCK1                                                                                    ;
;     -- OUTDATA_REG_B                      ; UNREGISTERED                                                                              ;
;     -- RAM_BLOCK_TYPE                     ; AUTO                                                                                      ;
;     -- READ_DURING_WRITE_MODE_MIXED_PORTS ; DONT_CARE                                                                                 ;
+-------------------------------------------+-------------------------------------------------------------------------------------------+


+----------------------------------------------------------------------------------------------------------------------------+
; Port Connectivity Checks: "ga_engine_top:u_ga_core|point_seg_dist:u_psd|div_seq:u_div"                                     ;
+------------------+--------+----------+-------------------------------------------------------------------------------------+
; Port             ; Type   ; Severity ; Details                                                                             ;
+------------------+--------+----------+-------------------------------------------------------------------------------------+
; quotient[63..17] ; Output ; Info     ; Connected to dangling logic. Logic that only feeds a dangling port will be removed. ;
; busy             ; Output ; Info     ; Connected to dangling logic. Logic that only feeds a dangling port will be removed. ;
+------------------+--------+----------+-------------------------------------------------------------------------------------+


+----------------------------------------------------------------------------------------------------------------+
; Port Connectivity Checks: "ga_engine_top:u_ga_core|point_seg_dist:u_psd"                                       ;
+------+--------+----------+-------------------------------------------------------------------------------------+
; Port ; Type   ; Severity ; Details                                                                             ;
+------+--------+----------+-------------------------------------------------------------------------------------+
; busy ; Output ; Info     ; Connected to dangling logic. Logic that only feeds a dangling port will be removed. ;
+------+--------+----------+-------------------------------------------------------------------------------------+


+------------------------------------------------------------------------------------------------------------------------------+
; Port Connectivity Checks: "ga_engine_top:u_ga_core"                                                                          ;
+--------------------+--------+----------+-------------------------------------------------------------------------------------+
; Port               ; Type   ; Severity ; Details                                                                             ;
+--------------------+--------+----------+-------------------------------------------------------------------------------------+
; current_gen[15..9] ; Output ; Info     ; Connected to dangling logic. Logic that only feeds a dangling port will be removed. ;
+--------------------+--------+----------+-------------------------------------------------------------------------------------+


+-----------------------------------------------------+
; Post-Synthesis Netlist Statistics for Top Partition ;
+-----------------------+-----------------------------+
; Type                  ; Count                       ;
+-----------------------+-----------------------------+
; arriav_ff             ; 18873                       ;
;     CLR               ; 90                          ;
;     CLR SCLR          ; 2                           ;
;     CLR SLD           ; 4                           ;
;     ENA               ; 17655                       ;
;     ENA CLR           ; 171                         ;
;     ENA CLR SCLR      ; 97                          ;
;     ENA CLR SCLR SLD  ; 93                          ;
;     ENA CLR SLD       ; 62                          ;
;     ENA SCLR          ; 17                          ;
;     ENA SLD           ; 650                         ;
;     plain             ; 32                          ;
; arriav_lcell_comb     ; 15820                       ;
;     arith             ; 1096                        ;
;         0 data inputs ; 116                         ;
;         1 data inputs ; 211                         ;
;         2 data inputs ; 113                         ;
;         3 data inputs ; 278                         ;
;         4 data inputs ; 324                         ;
;         5 data inputs ; 54                          ;
;     extend            ; 234                         ;
;         7 data inputs ; 234                         ;
;     normal            ; 14306                       ;
;         0 data inputs ; 1                           ;
;         1 data inputs ; 78                          ;
;         2 data inputs ; 516                         ;
;         3 data inputs ; 876                         ;
;         4 data inputs ; 1124                        ;
;         5 data inputs ; 349                         ;
;         6 data inputs ; 11362                       ;
;     shared            ; 184                         ;
;         0 data inputs ; 1                           ;
;         1 data inputs ; 42                          ;
;         2 data inputs ; 140                         ;
;         3 data inputs ; 1                           ;
; arriav_mac            ; 11                          ;
; boundary_port         ; 90                          ;
; stratixv_ram_block    ; 224                         ;
;                       ;                             ;
; Max LUT depth         ; 108.30                      ;
; Average LUT depth     ; 15.90                       ;
+-----------------------+-----------------------------+


+-------------------------------+
; Elapsed Time Per Partition    ;
+----------------+--------------+
; Partition Name ; Elapsed Time ;
+----------------+--------------+
; Top            ; 00:00:47     ;
+----------------+--------------+


+-------------------------------+
; Analysis & Synthesis Messages ;
+-------------------------------+
Info: *******************************************************************
Info: Running Quartus Prime Analysis & Synthesis
    Info: Version 20.1.1 Build 720 11/11/2020 SJ Lite Edition
    Info: Processing started: Thu Aug 27 13:43:38 2026
Info: Command: quartus_map --read_settings_files=on --write_settings_files=off Genetico2 -c Genetico
Warning (18236): Number of processors has not been specified which may cause overloading on shared machines.  Set the global assignment NUM_PARALLEL_PROCESSORS in your QSF to an appropriate value for best performance.
Info (20030): Parallel compilation is enabled and will use 8 of the 8 processors detected
Info (12021): Found 1 design units, including 1 entities, in source file char_7seg.v
    Info (12023): Found entity 1: char_7seg File: D:/Documentos/robot contro/microprocesador/FPGA 2/char_7seg.v Line: 1
Info (12021): Found 1 design units, including 1 entities, in source file trajectory_rom.v
    Info (12023): Found entity 1: trajectory_rom File: D:/Documentos/robot contro/microprocesador/FPGA 2/trajectory_rom.v Line: 8
Info (12021): Found 1 design units, including 1 entities, in source file trajectory_bank.v
    Info (12023): Found entity 1: trajectory_bank File: D:/Documentos/robot contro/microprocesador/FPGA 2/trajectory_bank.v Line: 11
Info (12021): Found 1 design units, including 1 entities, in source file tb_trajectory_bank.v
    Info (12023): Found entity 1: tb_trajectory_bank File: D:/Documentos/robot contro/microprocesador/FPGA 2/tb_trajectory_bank.v Line: 2
Info (12021): Found 1 design units, including 1 entities, in source file tb_psd_case.v
    Info (12023): Found entity 1: tb_psd_case File: D:/Documentos/robot contro/microprocesador/FPGA 2/tb_psd_case.v Line: 2
Info (12021): Found 1 design units, including 1 entities, in source file tb_point_seg_dist.v
    Info (12023): Found entity 1: tb_point_seg_dist File: D:/Documentos/robot contro/microprocesador/FPGA 2/tb_point_seg_dist.v Line: 2
Info (12021): Found 1 design units, including 1 entities, in source file tb_ga_fitness_check.v
    Info (12023): Found entity 1: tb_ga_fitness_check File: D:/Documentos/robot contro/microprocesador/FPGA 2/tb_ga_fitness_check.v Line: 2
Info (12021): Found 1 design units, including 1 entities, in source file tb_ga_engine_small.v
    Info (12023): Found entity 1: tb_ga_engine_small File: D:/Documentos/robot contro/microprocesador/FPGA 2/tb_ga_engine_small.v Line: 2
Info (12021): Found 1 design units, including 1 entities, in source file tb_div_seq.v
    Info (12023): Found entity 1: tb_div_seq File: D:/Documentos/robot contro/microprocesador/FPGA 2/tb_div_seq.v Line: 2
Info (12021): Found 1 design units, including 1 entities, in source file point_seg_dist.v
    Info (12023): Found entity 1: point_seg_dist File: D:/Documentos/robot contro/microprocesador/FPGA 2/point_seg_dist.v Line: 18
Info (12021): Found 1 design units, including 1 entities, in source file isqrt32.v
    Info (12023): Found entity 1: isqrt32 File: D:/Documentos/robot contro/microprocesador/FPGA 2/isqrt32.v Line: 2
Info (12021): Found 1 design units, including 1 entities, in source file ga_top_wrapper.v
    Info (12023): Found entity 1: ga_top_wrapper File: D:/Documentos/robot contro/microprocesador/FPGA 2/ga_top_wrapper.v Line: 12
Info (12021): Found 1 design units, including 1 entities, in source file ga_engine_top.v
    Info (12023): Found entity 1: ga_engine_top File: D:/Documentos/robot contro/microprocesador/FPGA 2/ga_engine_top.v Line: 28
Info (12021): Found 1 design units, including 1 entities, in source file div_seq.v
    Info (12023): Found entity 1: div_seq File: D:/Documentos/robot contro/microprocesador/FPGA 2/div_seq.v Line: 10
Info (12127): Elaborating entity "ga_top_wrapper" for the top level hierarchy
Info (12128): Elaborating entity "ga_engine_top" for hierarchy "ga_engine_top:u_ga_core" File: D:/Documentos/robot contro/microprocesador/FPGA 2/ga_top_wrapper.v Line: 53
Warning (10036): Verilog HDL or VHDL warning at ga_engine_top.v(207): object "addr_parent1" assigned a value but never read File: D:/Documentos/robot contro/microprocesador/FPGA 2/ga_engine_top.v Line: 207
Warning (10036): Verilog HDL or VHDL warning at ga_engine_top.v(208): object "addr_parent2" assigned a value but never read File: D:/Documentos/robot contro/microprocesador/FPGA 2/ga_engine_top.v Line: 208
Warning (10230): Verilog HDL assignment warning at ga_engine_top.v(137): truncated value with size 32 to match size of target (16) File: D:/Documentos/robot contro/microprocesador/FPGA 2/ga_engine_top.v Line: 137
Warning (10230): Verilog HDL assignment warning at ga_engine_top.v(207): truncated value with size 32 to match size of target (16) File: D:/Documentos/robot contro/microprocesador/FPGA 2/ga_engine_top.v Line: 207
Warning (10230): Verilog HDL assignment warning at ga_engine_top.v(208): truncated value with size 32 to match size of target (16) File: D:/Documentos/robot contro/microprocesador/FPGA 2/ga_engine_top.v Line: 208
Warning (10230): Verilog HDL assignment warning at ga_engine_top.v(320): truncated value with size 32 to match size of target (8) File: D:/Documentos/robot contro/microprocesador/FPGA 2/ga_engine_top.v Line: 320
Warning (10230): Verilog HDL assignment warning at ga_engine_top.v(325): truncated value with size 32 to match size of target (8) File: D:/Documentos/robot contro/microprocesador/FPGA 2/ga_engine_top.v Line: 325
Info (12128): Elaborating entity "trajectory_bank" for hierarchy "ga_engine_top:u_ga_core|trajectory_bank:u_traj" File: D:/Documentos/robot contro/microprocesador/FPGA 2/ga_engine_top.v Line: 148
Info (12128): Elaborating entity "trajectory_rom" for hierarchy "ga_engine_top:u_ga_core|trajectory_bank:u_traj|trajectory_rom:rom_x0" File: D:/Documentos/robot contro/microprocesador/FPGA 2/trajectory_bank.v Line: 27
Warning (10030): Net "mem.data_a" at trajectory_rom.v(17) has no driver or initial value, using a default initial value '0' File: D:/Documentos/robot contro/microprocesador/FPGA 2/trajectory_rom.v Line: 17
Warning (10030): Net "mem.waddr_a" at trajectory_rom.v(17) has no driver or initial value, using a default initial value '0' File: D:/Documentos/robot contro/microprocesador/FPGA 2/trajectory_rom.v Line: 17
Warning (10030): Net "mem.we_a" at trajectory_rom.v(17) has no driver or initial value, using a default initial value '0' File: D:/Documentos/robot contro/microprocesador/FPGA 2/trajectory_rom.v Line: 17
Info (12128): Elaborating entity "trajectory_rom" for hierarchy "ga_engine_top:u_ga_core|trajectory_bank:u_traj|trajectory_rom:rom_y0" File: D:/Documentos/robot contro/microprocesador/FPGA 2/trajectory_bank.v Line: 28
Warning (10030): Net "mem.data_a" at trajectory_rom.v(17) has no driver or initial value, using a default initial value '0' File: D:/Documentos/robot contro/microprocesador/FPGA 2/trajectory_rom.v Line: 17
Warning (10030): Net "mem.waddr_a" at trajectory_rom.v(17) has no driver or initial value, using a default initial value '0' File: D:/Documentos/robot contro/microprocesador/FPGA 2/trajectory_rom.v Line: 17
Warning (10030): Net "mem.we_a" at trajectory_rom.v(17) has no driver or initial value, using a default initial value '0' File: D:/Documentos/robot contro/microprocesador/FPGA 2/trajectory_rom.v Line: 17
Info (12128): Elaborating entity "trajectory_rom" for hierarchy "ga_engine_top:u_ga_core|trajectory_bank:u_traj|trajectory_rom:rom_z0" File: D:/Documentos/robot contro/microprocesador/FPGA 2/trajectory_bank.v Line: 29
Warning (10030): Net "mem.data_a" at trajectory_rom.v(17) has no driver or initial value, using a default initial value '0' File: D:/Documentos/robot contro/microprocesador/FPGA 2/trajectory_rom.v Line: 17
Warning (10030): Net "mem.waddr_a" at trajectory_rom.v(17) has no driver or initial value, using a default initial value '0' File: D:/Documentos/robot contro/microprocesador/FPGA 2/trajectory_rom.v Line: 17
Warning (10030): Net "mem.we_a" at trajectory_rom.v(17) has no driver or initial value, using a default initial value '0' File: D:/Documentos/robot contro/microprocesador/FPGA 2/trajectory_rom.v Line: 17
Info (12128): Elaborating entity "trajectory_rom" for hierarchy "ga_engine_top:u_ga_core|trajectory_bank:u_traj|trajectory_rom:rom_x1" File: D:/Documentos/robot contro/microprocesador/FPGA 2/trajectory_bank.v Line: 31
Warning (10030): Net "mem.data_a" at trajectory_rom.v(17) has no driver or initial value, using a default initial value '0' File: D:/Documentos/robot contro/microprocesador/FPGA 2/trajectory_rom.v Line: 17
Warning (10030): Net "mem.waddr_a" at trajectory_rom.v(17) has no driver or initial value, using a default initial value '0' File: D:/Documentos/robot contro/microprocesador/FPGA 2/trajectory_rom.v Line: 17
Warning (10030): Net "mem.we_a" at trajectory_rom.v(17) has no driver or initial value, using a default initial value '0' File: D:/Documentos/robot contro/microprocesador/FPGA 2/trajectory_rom.v Line: 17
Info (12128): Elaborating entity "trajectory_rom" for hierarchy "ga_engine_top:u_ga_core|trajectory_bank:u_traj|trajectory_rom:rom_y1" File: D:/Documentos/robot contro/microprocesador/FPGA 2/trajectory_bank.v Line: 32
Warning (10030): Net "mem.data_a" at trajectory_rom.v(17) has no driver or initial value, using a default initial value '0' File: D:/Documentos/robot contro/microprocesador/FPGA 2/trajectory_rom.v Line: 17
Warning (10030): Net "mem.waddr_a" at trajectory_rom.v(17) has no driver or initial value, using a default initial value '0' File: D:/Documentos/robot contro/microprocesador/FPGA 2/trajectory_rom.v Line: 17
Warning (10030): Net "mem.we_a" at trajectory_rom.v(17) has no driver or initial value, using a default initial value '0' File: D:/Documentos/robot contro/microprocesador/FPGA 2/trajectory_rom.v Line: 17
Info (12128): Elaborating entity "trajectory_rom" for hierarchy "ga_engine_top:u_ga_core|trajectory_bank:u_traj|trajectory_rom:rom_z1" File: D:/Documentos/robot contro/microprocesador/FPGA 2/trajectory_bank.v Line: 33
Warning (10030): Net "mem.data_a" at trajectory_rom.v(17) has no driver or initial value, using a default initial value '0' File: D:/Documentos/robot contro/microprocesador/FPGA 2/trajectory_rom.v Line: 17
Warning (10030): Net "mem.waddr_a" at trajectory_rom.v(17) has no driver or initial value, using a default initial value '0' File: D:/Documentos/robot contro/microprocesador/FPGA 2/trajectory_rom.v Line: 17
Warning (10030): Net "mem.we_a" at trajectory_rom.v(17) has no driver or initial value, using a default initial value '0' File: D:/Documentos/robot contro/microprocesador/FPGA 2/trajectory_rom.v Line: 17
Info (12128): Elaborating entity "trajectory_rom" for hierarchy "ga_engine_top:u_ga_core|trajectory_bank:u_traj|trajectory_rom:rom_x2" File: D:/Documentos/robot contro/microprocesador/FPGA 2/trajectory_bank.v Line: 35
Warning (10030): Net "mem.data_a" at trajectory_rom.v(17) has no driver or initial value, using a default initial value '0' File: D:/Documentos/robot contro/microprocesador/FPGA 2/trajectory_rom.v Line: 17
Warning (10030): Net "mem.waddr_a" at trajectory_rom.v(17) has no driver or initial value, using a default initial value '0' File: D:/Documentos/robot contro/microprocesador/FPGA 2/trajectory_rom.v Line: 17
Warning (10030): Net "mem.we_a" at trajectory_rom.v(17) has no driver or initial value, using a default initial value '0' File: D:/Documentos/robot contro/microprocesador/FPGA 2/trajectory_rom.v Line: 17
Info (12128): Elaborating entity "trajectory_rom" for hierarchy "ga_engine_top:u_ga_core|trajectory_bank:u_traj|trajectory_rom:rom_y2" File: D:/Documentos/robot contro/microprocesador/FPGA 2/trajectory_bank.v Line: 36
Warning (10030): Net "mem.data_a" at trajectory_rom.v(17) has no driver or initial value, using a default initial value '0' File: D:/Documentos/robot contro/microprocesador/FPGA 2/trajectory_rom.v Line: 17
Warning (10030): Net "mem.waddr_a" at trajectory_rom.v(17) has no driver or initial value, using a default initial value '0' File: D:/Documentos/robot contro/microprocesador/FPGA 2/trajectory_rom.v Line: 17
Warning (10030): Net "mem.we_a" at trajectory_rom.v(17) has no driver or initial value, using a default initial value '0' File: D:/Documentos/robot contro/microprocesador/FPGA 2/trajectory_rom.v Line: 17
Info (12128): Elaborating entity "trajectory_rom" for hierarchy "ga_engine_top:u_ga_core|trajectory_bank:u_traj|trajectory_rom:rom_z2" File: D:/Documentos/robot contro/microprocesador/FPGA 2/trajectory_bank.v Line: 37
Warning (10030): Net "mem.data_a" at trajectory_rom.v(17) has no driver or initial value, using a default initial value '0' File: D:/Documentos/robot contro/microprocesador/FPGA 2/trajectory_rom.v Line: 17
Warning (10030): Net "mem.waddr_a" at trajectory_rom.v(17) has no driver or initial value, using a default initial value '0' File: D:/Documentos/robot contro/microprocesador/FPGA 2/trajectory_rom.v Line: 17
Warning (10030): Net "mem.we_a" at trajectory_rom.v(17) has no driver or initial value, using a default initial value '0' File: D:/Documentos/robot contro/microprocesador/FPGA 2/trajectory_rom.v Line: 17
Info (12128): Elaborating entity "trajectory_rom" for hierarchy "ga_engine_top:u_ga_core|trajectory_bank:u_traj|trajectory_rom:rom_x3" File: D:/Documentos/robot contro/microprocesador/FPGA 2/trajectory_bank.v Line: 39
Warning (10030): Net "mem.data_a" at trajectory_rom.v(17) has no driver or initial value, using a default initial value '0' File: D:/Documentos/robot contro/microprocesador/FPGA 2/trajectory_rom.v Line: 17
Warning (10030): Net "mem.waddr_a" at trajectory_rom.v(17) has no driver or initial value, using a default initial value '0' File: D:/Documentos/robot contro/microprocesador/FPGA 2/trajectory_rom.v Line: 17
Warning (10030): Net "mem.we_a" at trajectory_rom.v(17) has no driver or initial value, using a default initial value '0' File: D:/Documentos/robot contro/microprocesador/FPGA 2/trajectory_rom.v Line: 17
Info (12128): Elaborating entity "trajectory_rom" for hierarchy "ga_engine_top:u_ga_core|trajectory_bank:u_traj|trajectory_rom:rom_y3" File: D:/Documentos/robot contro/microprocesador/FPGA 2/trajectory_bank.v Line: 40
Warning (10030): Net "mem.data_a" at trajectory_rom.v(17) has no driver or initial value, using a default initial value '0' File: D:/Documentos/robot contro/microprocesador/FPGA 2/trajectory_rom.v Line: 17
Warning (10030): Net "mem.waddr_a" at trajectory_rom.v(17) has no driver or initial value, using a default initial value '0' File: D:/Documentos/robot contro/microprocesador/FPGA 2/trajectory_rom.v Line: 17
Warning (10030): Net "mem.we_a" at trajectory_rom.v(17) has no driver or initial value, using a default initial value '0' File: D:/Documentos/robot contro/microprocesador/FPGA 2/trajectory_rom.v Line: 17
Info (12128): Elaborating entity "trajectory_rom" for hierarchy "ga_engine_top:u_ga_core|trajectory_bank:u_traj|trajectory_rom:rom_z3" File: D:/Documentos/robot contro/microprocesador/FPGA 2/trajectory_bank.v Line: 41
Warning (10030): Net "mem.data_a" at trajectory_rom.v(17) has no driver or initial value, using a default initial value '0' File: D:/Documentos/robot contro/microprocesador/FPGA 2/trajectory_rom.v Line: 17
Warning (10030): Net "mem.waddr_a" at trajectory_rom.v(17) has no driver or initial value, using a default initial value '0' File: D:/Documentos/robot contro/microprocesador/FPGA 2/trajectory_rom.v Line: 17
Warning (10030): Net "mem.we_a" at trajectory_rom.v(17) has no driver or initial value, using a default initial value '0' File: D:/Documentos/robot contro/microprocesador/FPGA 2/trajectory_rom.v Line: 17
Info (12128): Elaborating entity "point_seg_dist" for hierarchy "ga_engine_top:u_ga_core|point_seg_dist:u_psd" File: D:/Documentos/robot contro/microprocesador/FPGA 2/ga_engine_top.v Line: 188
Warning (10230): Verilog HDL assignment warning at point_seg_dist.v(157): truncated value with size 32 to match size of target (17) File: D:/Documentos/robot contro/microprocesador/FPGA 2/point_seg_dist.v Line: 157
Warning (10230): Verilog HDL assignment warning at point_seg_dist.v(158): truncated value with size 32 to match size of target (17) File: D:/Documentos/robot contro/microprocesador/FPGA 2/point_seg_dist.v Line: 158
Warning (10230): Verilog HDL assignment warning at point_seg_dist.v(159): truncated value with size 32 to match size of target (17) File: D:/Documentos/robot contro/microprocesador/FPGA 2/point_seg_dist.v Line: 159
Info (12128): Elaborating entity "div_seq" for hierarchy "ga_engine_top:u_ga_core|point_seg_dist:u_psd|div_seq:u_div" File: D:/Documentos/robot contro/microprocesador/FPGA 2/point_seg_dist.v Line: 75
Info (12128): Elaborating entity "isqrt32" for hierarchy "ga_engine_top:u_ga_core|isqrt32:u_sqrt" File: D:/Documentos/robot contro/microprocesador/FPGA 2/ga_engine_top.v Line: 199
Info (12128): Elaborating entity "char_7seg" for hierarchy "char_7seg:u_hex0" File: D:/Documentos/robot contro/microprocesador/FPGA 2/ga_top_wrapper.v Line: 65
Warning (276020): Inferred RAM node "ga_engine_top:u_ga_core|fitness_rtl_0" from synchronous design logic.  Pass-through logic has been added to match the read-during-write behavior of the original design.
Info (276014): Found 3 instances of uninferred RAM logic
    Info (276007): RAM logic "ga_engine_top:u_ga_core|population" is uninferred due to asynchronous read logic File: D:/Documentos/robot contro/microprocesador/FPGA 2/ga_engine_top.v Line: 98
    Info (276007): RAM logic "ga_engine_top:u_ga_core|fitness" is uninferred due to asynchronous read logic File: D:/Documentos/robot contro/microprocesador/FPGA 2/ga_engine_top.v Line: 99
    Info (276007): RAM logic "ga_engine_top:u_ga_core|elite_genes" is uninferred due to asynchronous read logic File: D:/Documentos/robot contro/microprocesador/FPGA 2/ga_engine_top.v Line: 100
Info (19000): Inferred 13 megafunctions from design logic
    Info (276029): Inferred altsyncram megafunction from the following design logic: "ga_engine_top:u_ga_core|fitness_rtl_0" 
        Info (286033): Parameter OPERATION_MODE set to DUAL_PORT
        Info (286033): Parameter WIDTH_A set to 32
        Info (286033): Parameter WIDTHAD_A set to 5
        Info (286033): Parameter NUMWORDS_A set to 32
        Info (286033): Parameter WIDTH_B set to 32
        Info (286033): Parameter WIDTHAD_B set to 5
        Info (286033): Parameter NUMWORDS_B set to 32
        Info (286033): Parameter ADDRESS_ACLR_A set to NONE
        Info (286033): Parameter OUTDATA_REG_B set to UNREGISTERED
        Info (286033): Parameter ADDRESS_ACLR_B set to NONE
        Info (286033): Parameter OUTDATA_ACLR_B set to NONE
        Info (286033): Parameter ADDRESS_REG_B set to CLOCK0
        Info (286033): Parameter INDATA_ACLR_A set to NONE
        Info (286033): Parameter WRCONTROL_ACLR_A set to NONE
        Info (286033): Parameter READ_DURING_WRITE_MODE_MIXED_PORTS set to OLD_DATA
    Info (276029): Inferred altsyncram megafunction from the following design logic: "ga_engine_top:u_ga_core|trajectory_bank:u_traj|trajectory_rom:rom_z3|mem_rtl_0" 
        Info (286033): Parameter OPERATION_MODE set to ROM
        Info (286033): Parameter WIDTH_A set to 16
        Info (286033): Parameter WIDTHAD_A set to 9
        Info (286033): Parameter NUMWORDS_A set to 300
        Info (286033): Parameter OUTDATA_REG_A set to UNREGISTERED
        Info (286033): Parameter ADDRESS_ACLR_A set to NONE
        Info (286033): Parameter OUTDATA_ACLR_A set to NONE
        Info (286033): Parameter INDATA_ACLR_A set to NONE
        Info (286033): Parameter WRCONTROL_ACLR_A set to NONE
        Info (286033): Parameter INIT_FILE set to db/Genetico.ram0_trajectory_rom_f55b80ba.hdl.mif
    Info (276029): Inferred altsyncram megafunction from the following design logic: "ga_engine_top:u_ga_core|trajectory_bank:u_traj|trajectory_rom:rom_y3|mem_rtl_0" 
        Info (286033): Parameter OPERATION_MODE set to ROM
        Info (286033): Parameter WIDTH_A set to 16
        Info (286033): Parameter WIDTHAD_A set to 9
        Info (286033): Parameter NUMWORDS_A set to 300
        Info (286033): Parameter OUTDATA_REG_A set to UNREGISTERED
        Info (286033): Parameter ADDRESS_ACLR_A set to NONE
        Info (286033): Parameter OUTDATA_ACLR_A set to NONE
        Info (286033): Parameter INDATA_ACLR_A set to NONE
        Info (286033): Parameter WRCONTROL_ACLR_A set to NONE
        Info (286033): Parameter INIT_FILE set to db/Genetico.ram0_trajectory_rom_55a32aaa.hdl.mif
    Info (276029): Inferred altsyncram megafunction from the following design logic: "ga_engine_top:u_ga_core|trajectory_bank:u_traj|trajectory_rom:rom_x3|mem_rtl_0" 
        Info (286033): Parameter OPERATION_MODE set to ROM
        Info (286033): Parameter WIDTH_A set to 16
        Info (286033): Parameter WIDTHAD_A set to 9
        Info (286033): Parameter NUMWORDS_A set to 300
        Info (286033): Parameter OUTDATA_REG_A set to UNREGISTERED
        Info (286033): Parameter ADDRESS_ACLR_A set to NONE
        Info (286033): Parameter OUTDATA_ACLR_A set to NONE
        Info (286033): Parameter INDATA_ACLR_A set to NONE
        Info (286033): Parameter WRCONTROL_ACLR_A set to NONE
        Info (286033): Parameter INIT_FILE set to db/Genetico.ram0_trajectory_rom_520b8a0f.hdl.mif
    Info (276029): Inferred altsyncram megafunction from the following design logic: "ga_engine_top:u_ga_core|trajectory_bank:u_traj|trajectory_rom:rom_z2|mem_rtl_0" 
        Info (286033): Parameter OPERATION_MODE set to ROM
        Info (286033): Parameter WIDTH_A set to 16
        Info (286033): Parameter WIDTHAD_A set to 9
        Info (286033): Parameter NUMWORDS_A set to 300
        Info (286033): Parameter OUTDATA_REG_A set to UNREGISTERED
        Info (286033): Parameter ADDRESS_ACLR_A set to NONE
        Info (286033): Parameter OUTDATA_ACLR_A set to NONE
        Info (286033): Parameter INDATA_ACLR_A set to NONE
        Info (286033): Parameter WRCONTROL_ACLR_A set to NONE
        Info (286033): Parameter INIT_FILE set to db/Genetico.ram0_trajectory_rom_abc656a3.hdl.mif
    Info (276029): Inferred altsyncram megafunction from the following design logic: "ga_engine_top:u_ga_core|trajectory_bank:u_traj|trajectory_rom:rom_y2|mem_rtl_0" 
        Info (286033): Parameter OPERATION_MODE set to ROM
        Info (286033): Parameter WIDTH_A set to 16
        Info (286033): Parameter WIDTHAD_A set to 9
        Info (286033): Parameter NUMWORDS_A set to 300
        Info (286033): Parameter OUTDATA_REG_A set to UNREGISTERED
        Info (286033): Parameter ADDRESS_ACLR_A set to NONE
        Info (286033): Parameter OUTDATA_ACLR_A set to NONE
        Info (286033): Parameter INDATA_ACLR_A set to NONE
        Info (286033): Parameter WRCONTROL_ACLR_A set to NONE
        Info (286033): Parameter INIT_FILE set to db/Genetico.ram0_trajectory_rom_719e5ffe.hdl.mif
    Info (276029): Inferred altsyncram megafunction from the following design logic: "ga_engine_top:u_ga_core|trajectory_bank:u_traj|trajectory_rom:rom_x2|mem_rtl_0" 
        Info (286033): Parameter OPERATION_MODE set to ROM
        Info (286033): Parameter WIDTH_A set to 16
        Info (286033): Parameter WIDTHAD_A set to 9
        Info (286033): Parameter NUMWORDS_A set to 300
        Info (286033): Parameter OUTDATA_REG_A set to UNREGISTERED
        Info (286033): Parameter ADDRESS_ACLR_A set to NONE
        Info (286033): Parameter OUTDATA_ACLR_A set to NONE
        Info (286033): Parameter INDATA_ACLR_A set to NONE
        Info (286033): Parameter WRCONTROL_ACLR_A set to NONE
        Info (286033): Parameter INIT_FILE set to db/Genetico.ram0_trajectory_rom_d2ba2938.hdl.mif
    Info (276029): Inferred altsyncram megafunction from the following design logic: "ga_engine_top:u_ga_core|trajectory_bank:u_traj|trajectory_rom:rom_z1|mem_rtl_0" 
        Info (286033): Parameter OPERATION_MODE set to ROM
        Info (286033): Parameter WIDTH_A set to 16
        Info (286033): Parameter WIDTHAD_A set to 9
        Info (286033): Parameter NUMWORDS_A set to 300
        Info (286033): Parameter OUTDATA_REG_A set to UNREGISTERED
        Info (286033): Parameter ADDRESS_ACLR_A set to NONE
        Info (286033): Parameter OUTDATA_ACLR_A set to NONE
        Info (286033): Parameter INDATA_ACLR_A set to NONE
        Info (286033): Parameter WRCONTROL_ACLR_A set to NONE
        Info (286033): Parameter INIT_FILE set to db/Genetico.ram0_trajectory_rom_2cc30693.hdl.mif
    Info (276029): Inferred altsyncram megafunction from the following design logic: "ga_engine_top:u_ga_core|trajectory_bank:u_traj|trajectory_rom:rom_y1|mem_rtl_0" 
        Info (286033): Parameter OPERATION_MODE set to ROM
        Info (286033): Parameter WIDTH_A set to 16
        Info (286033): Parameter WIDTHAD_A set to 9
        Info (286033): Parameter NUMWORDS_A set to 300
        Info (286033): Parameter OUTDATA_REG_A set to UNREGISTERED
        Info (286033): Parameter ADDRESS_ACLR_A set to NONE
        Info (286033): Parameter OUTDATA_ACLR_A set to NONE
        Info (286033): Parameter INDATA_ACLR_A set to NONE
        Info (286033): Parameter WRCONTROL_ACLR_A set to NONE
        Info (286033): Parameter INIT_FILE set to db/Genetico.ram0_trajectory_rom_c64d4822.hdl.mif
    Info (276029): Inferred altsyncram megafunction from the following design logic: "ga_engine_top:u_ga_core|trajectory_bank:u_traj|trajectory_rom:rom_x1|mem_rtl_0" 
        Info (286033): Parameter OPERATION_MODE set to ROM
        Info (286033): Parameter WIDTH_A set to 16
        Info (286033): Parameter WIDTHAD_A set to 9
        Info (286033): Parameter NUMWORDS_A set to 300
        Info (286033): Parameter OUTDATA_REG_A set to UNREGISTERED
        Info (286033): Parameter ADDRESS_ACLR_A set to NONE
        Info (286033): Parameter OUTDATA_ACLR_A set to NONE
        Info (286033): Parameter INDATA_ACLR_A set to NONE
        Info (286033): Parameter WRCONTROL_ACLR_A set to NONE
        Info (286033): Parameter INIT_FILE set to db/Genetico.ram0_trajectory_rom_d8f05766.hdl.mif
    Info (276029): Inferred altsyncram megafunction from the following design logic: "ga_engine_top:u_ga_core|trajectory_bank:u_traj|trajectory_rom:rom_z0|mem_rtl_0" 
        Info (286033): Parameter OPERATION_MODE set to ROM
        Info (286033): Parameter WIDTH_A set to 16
        Info (286033): Parameter WIDTHAD_A set to 9
        Info (286033): Parameter NUMWORDS_A set to 300
        Info (286033): Parameter OUTDATA_REG_A set to UNREGISTERED
        Info (286033): Parameter ADDRESS_ACLR_A set to NONE
        Info (286033): Parameter OUTDATA_ACLR_A set to NONE
        Info (286033): Parameter INDATA_ACLR_A set to NONE
        Info (286033): Parameter WRCONTROL_ACLR_A set to NONE
        Info (286033): Parameter INIT_FILE set to db/Genetico.ram0_trajectory_rom_4a1d977a.hdl.mif
    Info (276029): Inferred altsyncram megafunction from the following design logic: "ga_engine_top:u_ga_core|trajectory_bank:u_traj|trajectory_rom:rom_y0|mem_rtl_0" 
        Info (286033): Parameter OPERATION_MODE set to ROM
        Info (286033): Parameter WIDTH_A set to 16
        Info (286033): Parameter WIDTHAD_A set to 9
        Info (286033): Parameter NUMWORDS_A set to 300
        Info (286033): Parameter OUTDATA_REG_A set to UNREGISTERED
        Info (286033): Parameter ADDRESS_ACLR_A set to NONE
        Info (286033): Parameter OUTDATA_ACLR_A set to NONE
        Info (286033): Parameter INDATA_ACLR_A set to NONE
        Info (286033): Parameter WRCONTROL_ACLR_A set to NONE
        Info (286033): Parameter INIT_FILE set to db/Genetico.ram0_trajectory_rom_bc71d453.hdl.mif
    Info (276029): Inferred altsyncram megafunction from the following design logic: "ga_engine_top:u_ga_core|trajectory_bank:u_traj|trajectory_rom:rom_x0|mem_rtl_0" 
        Info (286033): Parameter OPERATION_MODE set to ROM
        Info (286033): Parameter WIDTH_A set to 16
        Info (286033): Parameter WIDTHAD_A set to 9
        Info (286033): Parameter NUMWORDS_A set to 300
        Info (286033): Parameter OUTDATA_REG_A set to UNREGISTERED
        Info (286033): Parameter ADDRESS_ACLR_A set to NONE
        Info (286033): Parameter OUTDATA_ACLR_A set to NONE
        Info (286033): Parameter INDATA_ACLR_A set to NONE
        Info (286033): Parameter WRCONTROL_ACLR_A set to NONE
        Info (286033): Parameter INIT_FILE set to db/Genetico.ram0_trajectory_rom_4fe67a62.hdl.mif
Info (278001): Inferred 1 megafunctions from design logic
    Info (278004): Inferred divider/modulo megafunction ("lpm_divide") from the following logic: "ga_engine_top:u_ga_core|Div0" File: D:/Documentos/robot contro/microprocesador/FPGA 2/ga_engine_top.v Line: 493
Info (12130): Elaborated megafunction instantiation "ga_engine_top:u_ga_core|altsyncram:fitness_rtl_0"
Info (12133): Instantiated megafunction "ga_engine_top:u_ga_core|altsyncram:fitness_rtl_0" with the following parameter:
    Info (12134): Parameter "OPERATION_MODE" = "DUAL_PORT"
    Info (12134): Parameter "WIDTH_A" = "32"
    Info (12134): Parameter "WIDTHAD_A" = "5"
    Info (12134): Parameter "NUMWORDS_A" = "32"
    Info (12134): Parameter "WIDTH_B" = "32"
    Info (12134): Parameter "WIDTHAD_B" = "5"
    Info (12134): Parameter "NUMWORDS_B" = "32"
    Info (12134): Parameter "ADDRESS_ACLR_A" = "NONE"
    Info (12134): Parameter "OUTDATA_REG_B" = "UNREGISTERED"
    Info (12134): Parameter "ADDRESS_ACLR_B" = "NONE"
    Info (12134): Parameter "OUTDATA_ACLR_B" = "NONE"
    Info (12134): Parameter "ADDRESS_REG_B" = "CLOCK0"
    Info (12134): Parameter "INDATA_ACLR_A" = "NONE"
    Info (12134): Parameter "WRCONTROL_ACLR_A" = "NONE"
    Info (12134): Parameter "READ_DURING_WRITE_MODE_MIXED_PORTS" = "OLD_DATA"
Info (12021): Found 1 design units, including 1 entities, in source file db/altsyncram_5io1.tdf
    Info (12023): Found entity 1: altsyncram_5io1 File: D:/Documentos/robot contro/microprocesador/FPGA 2/db/altsyncram_5io1.tdf Line: 28
Info (12130): Elaborated megafunction instantiation "ga_engine_top:u_ga_core|trajectory_bank:u_traj|trajectory_rom:rom_z3|altsyncram:mem_rtl_0"
Info (12133): Instantiated megafunction "ga_engine_top:u_ga_core|trajectory_bank:u_traj|trajectory_rom:rom_z3|altsyncram:mem_rtl_0" with the following parameter:
    Info (12134): Parameter "OPERATION_MODE" = "ROM"
    Info (12134): Parameter "WIDTH_A" = "16"
    Info (12134): Parameter "WIDTHAD_A" = "9"
    Info (12134): Parameter "NUMWORDS_A" = "300"
    Info (12134): Parameter "OUTDATA_REG_A" = "UNREGISTERED"
    Info (12134): Parameter "ADDRESS_ACLR_A" = "NONE"
    Info (12134): Parameter "OUTDATA_ACLR_A" = "NONE"
    Info (12134): Parameter "INDATA_ACLR_A" = "NONE"
    Info (12134): Parameter "WRCONTROL_ACLR_A" = "NONE"
    Info (12134): Parameter "INIT_FILE" = "db/Genetico.ram0_trajectory_rom_f55b80ba.hdl.mif"
Info (12021): Found 1 design units, including 1 entities, in source file db/altsyncram_r2e1.tdf
    Info (12023): Found entity 1: altsyncram_r2e1 File: D:/Documentos/robot contro/microprocesador/FPGA 2/db/altsyncram_r2e1.tdf Line: 28
Info (12130): Elaborated megafunction instantiation "ga_engine_top:u_ga_core|trajectory_bank:u_traj|trajectory_rom:rom_y3|altsyncram:mem_rtl_0"
Info (12133): Instantiated megafunction "ga_engine_top:u_ga_core|trajectory_bank:u_traj|trajectory_rom:rom_y3|altsyncram:mem_rtl_0" with the following parameter:
    Info (12134): Parameter "OPERATION_MODE" = "ROM"
    Info (12134): Parameter "WIDTH_A" = "16"
    Info (12134): Parameter "WIDTHAD_A" = "9"
    Info (12134): Parameter "NUMWORDS_A" = "300"
    Info (12134): Parameter "OUTDATA_REG_A" = "UNREGISTERED"
    Info (12134): Parameter "ADDRESS_ACLR_A" = "NONE"
    Info (12134): Parameter "OUTDATA_ACLR_A" = "NONE"
    Info (12134): Parameter "INDATA_ACLR_A" = "NONE"
    Info (12134): Parameter "WRCONTROL_ACLR_A" = "NONE"
    Info (12134): Parameter "INIT_FILE" = "db/Genetico.ram0_trajectory_rom_55a32aaa.hdl.mif"
Info (12021): Found 1 design units, including 1 entities, in source file db/altsyncram_h2e1.tdf
    Info (12023): Found entity 1: altsyncram_h2e1 File: D:/Documentos/robot contro/microprocesador/FPGA 2/db/altsyncram_h2e1.tdf Line: 28
Info (12130): Elaborated megafunction instantiation "ga_engine_top:u_ga_core|trajectory_bank:u_traj|trajectory_rom:rom_x3|altsyncram:mem_rtl_0"
Info (12133): Instantiated megafunction "ga_engine_top:u_ga_core|trajectory_bank:u_traj|trajectory_rom:rom_x3|altsyncram:mem_rtl_0" with the following parameter:
    Info (12134): Parameter "OPERATION_MODE" = "ROM"
    Info (12134): Parameter "WIDTH_A" = "16"
    Info (12134): Parameter "WIDTHAD_A" = "9"
    Info (12134): Parameter "NUMWORDS_A" = "300"
    Info (12134): Parameter "OUTDATA_REG_A" = "UNREGISTERED"
    Info (12134): Parameter "ADDRESS_ACLR_A" = "NONE"
    Info (12134): Parameter "OUTDATA_ACLR_A" = "NONE"
    Info (12134): Parameter "INDATA_ACLR_A" = "NONE"
    Info (12134): Parameter "WRCONTROL_ACLR_A" = "NONE"
    Info (12134): Parameter "INIT_FILE" = "db/Genetico.ram0_trajectory_rom_520b8a0f.hdl.mif"
Info (12021): Found 1 design units, including 1 entities, in source file db/altsyncram_61e1.tdf
    Info (12023): Found entity 1: altsyncram_61e1 File: D:/Documentos/robot contro/microprocesador/FPGA 2/db/altsyncram_61e1.tdf Line: 28
Info (12130): Elaborated megafunction instantiation "ga_engine_top:u_ga_core|trajectory_bank:u_traj|trajectory_rom:rom_z2|altsyncram:mem_rtl_0"
Info (12133): Instantiated megafunction "ga_engine_top:u_ga_core|trajectory_bank:u_traj|trajectory_rom:rom_z2|altsyncram:mem_rtl_0" with the following parameter:
    Info (12134): Parameter "OPERATION_MODE" = "ROM"
    Info (12134): Parameter "WIDTH_A" = "16"
    Info (12134): Parameter "WIDTHAD_A" = "9"
    Info (12134): Parameter "NUMWORDS_A" = "300"
    Info (12134): Parameter "OUTDATA_REG_A" = "UNREGISTERED"
    Info (12134): Parameter "ADDRESS_ACLR_A" = "NONE"
    Info (12134): Parameter "OUTDATA_ACLR_A" = "NONE"
    Info (12134): Parameter "INDATA_ACLR_A" = "NONE"
    Info (12134): Parameter "WRCONTROL_ACLR_A" = "NONE"
    Info (12134): Parameter "INIT_FILE" = "db/Genetico.ram0_trajectory_rom_abc656a3.hdl.mif"
Info (12021): Found 1 design units, including 1 entities, in source file db/altsyncram_p2e1.tdf
    Info (12023): Found entity 1: altsyncram_p2e1 File: D:/Documentos/robot contro/microprocesador/FPGA 2/db/altsyncram_p2e1.tdf Line: 28
Info (12130): Elaborated megafunction instantiation "ga_engine_top:u_ga_core|trajectory_bank:u_traj|trajectory_rom:rom_y2|altsyncram:mem_rtl_0"
Info (12133): Instantiated megafunction "ga_engine_top:u_ga_core|trajectory_bank:u_traj|trajectory_rom:rom_y2|altsyncram:mem_rtl_0" with the following parameter:
    Info (12134): Parameter "OPERATION_MODE" = "ROM"
    Info (12134): Parameter "WIDTH_A" = "16"
    Info (12134): Parameter "WIDTHAD_A" = "9"
    Info (12134): Parameter "NUMWORDS_A" = "300"
    Info (12134): Parameter "OUTDATA_REG_A" = "UNREGISTERED"
    Info (12134): Parameter "ADDRESS_ACLR_A" = "NONE"
    Info (12134): Parameter "OUTDATA_ACLR_A" = "NONE"
    Info (12134): Parameter "INDATA_ACLR_A" = "NONE"
    Info (12134): Parameter "WRCONTROL_ACLR_A" = "NONE"
    Info (12134): Parameter "INIT_FILE" = "db/Genetico.ram0_trajectory_rom_719e5ffe.hdl.mif"
Info (12021): Found 1 design units, including 1 entities, in source file db/altsyncram_a3e1.tdf
    Info (12023): Found entity 1: altsyncram_a3e1 File: D:/Documentos/robot contro/microprocesador/FPGA 2/db/altsyncram_a3e1.tdf Line: 28
Info (12130): Elaborated megafunction instantiation "ga_engine_top:u_ga_core|trajectory_bank:u_traj|trajectory_rom:rom_x2|altsyncram:mem_rtl_0"
Info (12133): Instantiated megafunction "ga_engine_top:u_ga_core|trajectory_bank:u_traj|trajectory_rom:rom_x2|altsyncram:mem_rtl_0" with the following parameter:
    Info (12134): Parameter "OPERATION_MODE" = "ROM"
    Info (12134): Parameter "WIDTH_A" = "16"
    Info (12134): Parameter "WIDTHAD_A" = "9"
    Info (12134): Parameter "NUMWORDS_A" = "300"
    Info (12134): Parameter "OUTDATA_REG_A" = "UNREGISTERED"
    Info (12134): Parameter "ADDRESS_ACLR_A" = "NONE"
    Info (12134): Parameter "OUTDATA_ACLR_A" = "NONE"
    Info (12134): Parameter "INDATA_ACLR_A" = "NONE"
    Info (12134): Parameter "WRCONTROL_ACLR_A" = "NONE"
    Info (12134): Parameter "INIT_FILE" = "db/Genetico.ram0_trajectory_rom_d2ba2938.hdl.mif"
Info (12021): Found 1 design units, including 1 entities, in source file db/altsyncram_d1e1.tdf
    Info (12023): Found entity 1: altsyncram_d1e1 File: D:/Documentos/robot contro/microprocesador/FPGA 2/db/altsyncram_d1e1.tdf Line: 28
Info (12130): Elaborated megafunction instantiation "ga_engine_top:u_ga_core|trajectory_bank:u_traj|trajectory_rom:rom_z1|altsyncram:mem_rtl_0"
Info (12133): Instantiated megafunction "ga_engine_top:u_ga_core|trajectory_bank:u_traj|trajectory_rom:rom_z1|altsyncram:mem_rtl_0" with the following parameter:
    Info (12134): Parameter "OPERATION_MODE" = "ROM"
    Info (12134): Parameter "WIDTH_A" = "16"
    Info (12134): Parameter "WIDTHAD_A" = "9"
    Info (12134): Parameter "NUMWORDS_A" = "300"
    Info (12134): Parameter "OUTDATA_REG_A" = "UNREGISTERED"
    Info (12134): Parameter "ADDRESS_ACLR_A" = "NONE"
    Info (12134): Parameter "OUTDATA_ACLR_A" = "NONE"
    Info (12134): Parameter "INDATA_ACLR_A" = "NONE"
    Info (12134): Parameter "WRCONTROL_ACLR_A" = "NONE"
    Info (12134): Parameter "INIT_FILE" = "db/Genetico.ram0_trajectory_rom_2cc30693.hdl.mif"
Info (12021): Found 1 design units, including 1 entities, in source file db/altsyncram_rvd1.tdf
    Info (12023): Found entity 1: altsyncram_rvd1 File: D:/Documentos/robot contro/microprocesador/FPGA 2/db/altsyncram_rvd1.tdf Line: 28
Info (12130): Elaborated megafunction instantiation "ga_engine_top:u_ga_core|trajectory_bank:u_traj|trajectory_rom:rom_y1|altsyncram:mem_rtl_0"
Info (12133): Instantiated megafunction "ga_engine_top:u_ga_core|trajectory_bank:u_traj|trajectory_rom:rom_y1|altsyncram:mem_rtl_0" with the following parameter:
    Info (12134): Parameter "OPERATION_MODE" = "ROM"
    Info (12134): Parameter "WIDTH_A" = "16"
    Info (12134): Parameter "WIDTHAD_A" = "9"
    Info (12134): Parameter "NUMWORDS_A" = "300"
    Info (12134): Parameter "OUTDATA_REG_A" = "UNREGISTERED"
    Info (12134): Parameter "ADDRESS_ACLR_A" = "NONE"
    Info (12134): Parameter "OUTDATA_ACLR_A" = "NONE"
    Info (12134): Parameter "INDATA_ACLR_A" = "NONE"
    Info (12134): Parameter "WRCONTROL_ACLR_A" = "NONE"
    Info (12134): Parameter "INIT_FILE" = "db/Genetico.ram0_trajectory_rom_c64d4822.hdl.mif"
Info (12021): Found 1 design units, including 1 entities, in source file db/altsyncram_vvd1.tdf
    Info (12023): Found entity 1: altsyncram_vvd1 File: D:/Documentos/robot contro/microprocesador/FPGA 2/db/altsyncram_vvd1.tdf Line: 28
Info (12130): Elaborated megafunction instantiation "ga_engine_top:u_ga_core|trajectory_bank:u_traj|trajectory_rom:rom_x1|altsyncram:mem_rtl_0"
Info (12133): Instantiated megafunction "ga_engine_top:u_ga_core|trajectory_bank:u_traj|trajectory_rom:rom_x1|altsyncram:mem_rtl_0" with the following parameter:
    Info (12134): Parameter "OPERATION_MODE" = "ROM"
    Info (12134): Parameter "WIDTH_A" = "16"
    Info (12134): Parameter "WIDTHAD_A" = "9"
    Info (12134): Parameter "NUMWORDS_A" = "300"
    Info (12134): Parameter "OUTDATA_REG_A" = "UNREGISTERED"
    Info (12134): Parameter "ADDRESS_ACLR_A" = "NONE"
    Info (12134): Parameter "OUTDATA_ACLR_A" = "NONE"
    Info (12134): Parameter "INDATA_ACLR_A" = "NONE"
    Info (12134): Parameter "WRCONTROL_ACLR_A" = "NONE"
    Info (12134): Parameter "INIT_FILE" = "db/Genetico.ram0_trajectory_rom_d8f05766.hdl.mif"
Info (12021): Found 1 design units, including 1 entities, in source file db/altsyncram_80e1.tdf
    Info (12023): Found entity 1: altsyncram_80e1 File: D:/Documentos/robot contro/microprocesador/FPGA 2/db/altsyncram_80e1.tdf Line: 28
Info (12130): Elaborated megafunction instantiation "ga_engine_top:u_ga_core|trajectory_bank:u_traj|trajectory_rom:rom_z0|altsyncram:mem_rtl_0"
Info (12133): Instantiated megafunction "ga_engine_top:u_ga_core|trajectory_bank:u_traj|trajectory_rom:rom_z0|altsyncram:mem_rtl_0" with the following parameter:
    Info (12134): Parameter "OPERATION_MODE" = "ROM"
    Info (12134): Parameter "WIDTH_A" = "16"
    Info (12134): Parameter "WIDTHAD_A" = "9"
    Info (12134): Parameter "NUMWORDS_A" = "300"
    Info (12134): Parameter "OUTDATA_REG_A" = "UNREGISTERED"
    Info (12134): Parameter "ADDRESS_ACLR_A" = "NONE"
    Info (12134): Parameter "OUTDATA_ACLR_A" = "NONE"
    Info (12134): Parameter "INDATA_ACLR_A" = "NONE"
    Info (12134): Parameter "WRCONTROL_ACLR_A" = "NONE"
    Info (12134): Parameter "INIT_FILE" = "db/Genetico.ram0_trajectory_rom_4a1d977a.hdl.mif"
Info (12021): Found 1 design units, including 1 entities, in source file db/altsyncram_g1e1.tdf
    Info (12023): Found entity 1: altsyncram_g1e1 File: D:/Documentos/robot contro/microprocesador/FPGA 2/db/altsyncram_g1e1.tdf Line: 28
Info (12130): Elaborated megafunction instantiation "ga_engine_top:u_ga_core|trajectory_bank:u_traj|trajectory_rom:rom_y0|altsyncram:mem_rtl_0"
Info (12133): Instantiated megafunction "ga_engine_top:u_ga_core|trajectory_bank:u_traj|trajectory_rom:rom_y0|altsyncram:mem_rtl_0" with the following parameter:
    Info (12134): Parameter "OPERATION_MODE" = "ROM"
    Info (12134): Parameter "WIDTH_A" = "16"
    Info (12134): Parameter "WIDTHAD_A" = "9"
    Info (12134): Parameter "NUMWORDS_A" = "300"
    Info (12134): Parameter "OUTDATA_REG_A" = "UNREGISTERED"
    Info (12134): Parameter "ADDRESS_ACLR_A" = "NONE"
    Info (12134): Parameter "OUTDATA_ACLR_A" = "NONE"
    Info (12134): Parameter "INDATA_ACLR_A" = "NONE"
    Info (12134): Parameter "WRCONTROL_ACLR_A" = "NONE"
    Info (12134): Parameter "INIT_FILE" = "db/Genetico.ram0_trajectory_rom_bc71d453.hdl.mif"
Info (12021): Found 1 design units, including 1 entities, in source file db/altsyncram_b1e1.tdf
    Info (12023): Found entity 1: altsyncram_b1e1 File: D:/Documentos/robot contro/microprocesador/FPGA 2/db/altsyncram_b1e1.tdf Line: 28
Info (12130): Elaborated megafunction instantiation "ga_engine_top:u_ga_core|trajectory_bank:u_traj|trajectory_rom:rom_x0|altsyncram:mem_rtl_0"
Info (12133): Instantiated megafunction "ga_engine_top:u_ga_core|trajectory_bank:u_traj|trajectory_rom:rom_x0|altsyncram:mem_rtl_0" with the following parameter:
    Info (12134): Parameter "OPERATION_MODE" = "ROM"
    Info (12134): Parameter "WIDTH_A" = "16"
    Info (12134): Parameter "WIDTHAD_A" = "9"
    Info (12134): Parameter "NUMWORDS_A" = "300"
    Info (12134): Parameter "OUTDATA_REG_A" = "UNREGISTERED"
    Info (12134): Parameter "ADDRESS_ACLR_A" = "NONE"
    Info (12134): Parameter "OUTDATA_ACLR_A" = "NONE"
    Info (12134): Parameter "INDATA_ACLR_A" = "NONE"
    Info (12134): Parameter "WRCONTROL_ACLR_A" = "NONE"
    Info (12134): Parameter "INIT_FILE" = "db/Genetico.ram0_trajectory_rom_4fe67a62.hdl.mif"
Info (12021): Found 1 design units, including 1 entities, in source file db/altsyncram_j1e1.tdf
    Info (12023): Found entity 1: altsyncram_j1e1 File: D:/Documentos/robot contro/microprocesador/FPGA 2/db/altsyncram_j1e1.tdf Line: 28
Info (12130): Elaborated megafunction instantiation "ga_engine_top:u_ga_core|lpm_divide:Div0" File: D:/Documentos/robot contro/microprocesador/FPGA 2/ga_engine_top.v Line: 493
Info (12133): Instantiated megafunction "ga_engine_top:u_ga_core|lpm_divide:Div0" with the following parameter: File: D:/Documentos/robot contro/microprocesador/FPGA 2/ga_engine_top.v Line: 493
    Info (12134): Parameter "LPM_WIDTHN" = "64"
    Info (12134): Parameter "LPM_WIDTHD" = "9"
    Info (12134): Parameter "LPM_NREPRESENTATION" = "UNSIGNED"
    Info (12134): Parameter "LPM_DREPRESENTATION" = "UNSIGNED"
Info (12021): Found 1 design units, including 1 entities, in source file db/lpm_divide_sbm.tdf
    Info (12023): Found entity 1: lpm_divide_sbm File: D:/Documentos/robot contro/microprocesador/FPGA 2/db/lpm_divide_sbm.tdf Line: 25
Info (12021): Found 1 design units, including 1 entities, in source file db/sign_div_unsign_2mh.tdf
    Info (12023): Found entity 1: sign_div_unsign_2mh File: D:/Documentos/robot contro/microprocesador/FPGA 2/db/sign_div_unsign_2mh.tdf Line: 25
Info (12021): Found 1 design units, including 1 entities, in source file db/alt_u_div_a0f.tdf
    Info (12023): Found entity 1: alt_u_div_a0f File: D:/Documentos/robot contro/microprocesador/FPGA 2/db/alt_u_div_a0f.tdf Line: 23
Info (286030): Timing-Driven Synthesis is running
Info (17049): 10 registers lost all their fanouts during netlist optimizations.
Info (144001): Generated suppressed messages file D:/Documentos/robot contro/microprocesador/FPGA 2/output_files/Genetico.map.smsg
Info (16010): Generating hard_block partition "hard_block:auto_generated_inst"
    Info (16011): Adding 0 node(s), including 0 DDIO, 0 PLL, 0 transceiver and 0 LCELL
Warning (21074): Design contains 1 input pin(s) that do not drive logic
    Warning (15610): No output dependent on input pin "SW[1]" File: D:/Documentos/robot contro/microprocesador/FPGA 2/ga_top_wrapper.v Line: 20
Info (21057): Implemented 33737 device resources after synthesis - the final resource count might be different
    Info (21058): Implemented 6 input pins
    Info (21059): Implemented 84 output pins
    Info (21061): Implemented 33412 logic cells
    Info (21064): Implemented 224 RAM segments
    Info (21062): Implemented 11 DSP elements
Info: Quartus Prime Analysis & Synthesis was successful. 0 errors, 50 warnings
    Info: Peak virtual memory: 5135 megabytes
    Info: Processing ended: Thu Aug 27 13:44:46 2026
    Info: Elapsed time: 00:01:08
    Info: Total CPU time (on all processors): 00:01:25


+------------------------------------------+
; Analysis & Synthesis Suppressed Messages ;
+------------------------------------------+
The suppressed messages can be found in D:/Documentos/robot contro/microprocesador/FPGA 2/output_files/Genetico.map.smsg.


